"","G","Date","Opp","W.L","Tm","Opp.1","FG","FGA","FG.","X3P","X3PA","X3P.","FT","FTA","FT.","ORB","TRB","AST","STL","BLK","TOV","PF","win_loss","team"
"1",1,"2019-10-23","DEN","L",100,108,36,87,0.414,7,28,0.25,21,23,0.913,13,48,13,9,4,20,25,0,"Blazers"
"2",2,"2019-10-25","SAC","W",122,112,46,85,0.541,11,30,0.367,19,22,0.864,5,40,23,8,5,16,23,1,"Blazers"
"3",3,"2019-10-27","DAL","W",121,119,45,87,0.517,9,22,0.409,22,26,0.846,7,48,13,6,4,16,30,2,"Blazers"
"4",4,"2019-10-28","SAS","L",110,113,39,100,0.39,10,33,0.303,22,27,0.815,9,49,19,4,8,10,27,1,"Blazers"
"5",5,"2019-10-30","OKC","W",102,99,34,86,0.395,17,35,0.486,17,24,0.708,9,49,19,9,8,17,30,1.5,"Blazers"
"6",6,"2019-11-02","PHI","L",128,129,45,78,0.577,19,34,0.559,19,25,0.76,4,36,21,7,4,18,21,1,"Blazers"
"7",7,"2019-11-04","GSW","L",118,127,47,105,0.448,13,40,0.325,11,14,0.786,16,44,16,5,6,6,23,0.75,"Blazers"
"8",8,"2019-11-07","LAC","L",101,107,39,104,0.375,11,39,0.282,12,16,0.75,17,51,18,7,4,13,27,0.6,"Blazers"
"9",9,"2019-11-08","BRK","L",115,119,40,97,0.412,11,30,0.367,24,25,0.96,13,48,11,3,9,10,24,0.5,"Blazers"
"10",10,"2019-11-10","ATL","W",124,113,45,104,0.433,12,36,0.333,22,28,0.786,16,61,19,10,9,17,22,0.666666666666667,"Blazers"
"11",11,"2019-11-12","SAC","L",99,107,34,77,0.442,8,30,0.267,23,30,0.767,7,40,15,4,5,17,19,0.571428571428571,"Blazers"
"12",12,"2019-11-13","TOR","L",106,114,38,96,0.396,17,48,0.354,13,16,0.813,11,43,24,3,7,12,16,0.5,"Blazers"
"13",13,"2019-11-16","SAS","W",121,116,42,93,0.452,13,39,0.333,24,26,0.923,9,48,21,2,4,12,20,0.625,"Blazers"
"14",14,"2019-11-18","HOU","L",108,132,40,96,0.417,11,36,0.306,17,23,0.739,12,44,28,7,5,17,21,0.555555555555556,"Blazers"
"15",15,"2019-11-19","NOP","L",104,115,40,92,0.435,16,29,0.552,8,13,0.615,11,48,20,5,4,17,23,0.5,"Blazers"
"16",16,"2019-11-21","MIL","L",129,137,50,103,0.485,17,39,0.436,12,14,0.857,9,41,32,6,11,8,27,0.454545454545455,"Blazers"
"17",17,"2019-11-23","CLE","L",104,110,39,87,0.448,14,40,0.35,12,16,0.75,6,38,21,6,6,10,20,0.416666666666667,"Blazers"
"18",18,"2019-11-25","CHI","W",117,94,46,89,0.517,8,27,0.296,17,22,0.773,13,55,23,8,5,15,20,0.5,"Blazers"
"19",19,"2019-11-27","OKC","W",136,119,49,94,0.521,14,30,0.467,24,24,1,10,54,23,3,1,9,32,0.583333333333333,"Blazers"
"20",20,"2019-11-29","CHI","W",107,103,38,84,0.452,10,30,0.333,21,28,0.75,8,49,20,6,11,13,21,0.666666666666667,"Blazers"
"21",21,"2019-12-03","LAC","L",97,117,39,91,0.429,7,27,0.259,12,15,0.8,12,49,20,5,6,13,23,0.615384615384615,"Blazers"
"22",22,"2019-12-04","SAC","W",127,116,47,84,0.56,16,32,0.5,17,21,0.81,6,43,28,6,10,12,18,0.692307692307692,"Blazers"
"23",23,"2019-12-06","LAL","L",113,136,39,86,0.453,10,34,0.294,25,29,0.862,4,34,20,9,4,15,25,0.642857142857143,"Blazers"
"24",24,"2019-12-08","OKC","L",96,108,36,100,0.36,9,33,0.273,15,18,0.833,18,51,16,7,8,8,26,0.6,"Blazers"
"25",25,"2019-12-10","NYK","W",115,87,39,90,0.433,17,41,0.415,20,24,0.833,11,58,20,6,7,12,21,0.666666666666667,"Blazers"
"26",26,"2019-12-12","DEN","L",99,114,41,86,0.477,9,30,0.3,8,11,0.727,7,35,22,4,7,8,16,0.625,"Blazers"
"27",1,"2019-10-24","HOU","W",117,111,46,99,0.465,16,46,0.348,9,18,0.5,6,53,31,7,10,11,27,NA,"Bucks"
"28",2,"2019-10-26","MIA","L",126,131,41,94,0.436,17,54,0.315,27,35,0.771,5,47,22,8,4,18,32,1,"Bucks"
"29",3,"2019-10-28","CLE","W",129,112,48,92,0.522,17,38,0.447,16,24,0.667,8,50,29,9,7,12,15,2,"Bucks"
"30",4,"2019-10-30","BOS","L",105,116,38,82,0.463,14,45,0.311,15,24,0.625,5,45,21,3,4,15,21,1,"Bucks"
"31",5,"2019-11-01","ORL","W",123,91,47,93,0.505,17,47,0.362,12,18,0.667,11,58,24,11,4,13,19,1.5,"Bucks"
"32",6,"2019-11-02","TOR","W",115,105,41,89,0.461,13,38,0.342,20,25,0.8,10,51,30,4,7,11,22,2,"Bucks"
"33",7,"2019-11-04","MIN","W",134,106,50,93,0.538,14,39,0.359,20,30,0.667,11,57,24,8,6,17,20,2.5,"Bucks"
"34",8,"2019-11-06","LAC","W",129,124,42,98,0.429,18,49,0.367,27,34,0.794,14,54,18,7,11,15,28,3,"Bucks"
"35",9,"2019-11-08","UTA","L",100,103,34,95,0.358,10,36,0.278,22,30,0.733,16,54,14,8,4,12,26,2,"Bucks"
"36",10,"2019-11-10","OKC","W",121,119,47,83,0.566,11,28,0.393,16,18,0.889,5,48,27,9,4,22,21,2.33333333333333,"Bucks"
"37",11,"2019-11-14","CHI","W",124,115,42,88,0.477,6,33,0.182,34,47,0.723,17,58,24,9,4,22,22,2.66666666666667,"Bucks"
"38",12,"2019-11-16","IND","W",102,83,43,96,0.448,11,39,0.282,5,7,0.714,8,55,23,6,8,14,13,3,"Bucks"
"39",13,"2019-11-18","CHI","W",115,101,38,82,0.463,15,41,0.366,24,35,0.686,8,48,24,12,9,15,16,3.33333333333333,"Bucks"
"40",14,"2019-11-20","ATL","W",135,127,46,87,0.529,17,43,0.395,26,34,0.765,8,46,25,6,8,19,25,3.66666666666667,"Bucks"
"41",15,"2019-11-21","POR","W",137,129,50,106,0.472,16,43,0.372,21,26,0.808,18,58,32,7,3,12,20,4,"Bucks"
"42",16,"2019-11-23","DET","W",104,90,41,84,0.488,13,37,0.351,9,18,0.5,9,49,25,10,8,21,14,4.33333333333333,"Bucks"
"43",17,"2019-11-25","UTA","W",122,118,43,97,0.443,13,41,0.317,23,29,0.793,15,49,21,6,6,9,15,4.66666666666667,"Bucks"
"44",18,"2019-11-27","ATL","W",111,102,42,88,0.477,10,34,0.294,17,27,0.63,10,47,25,6,11,14,23,5,"Bucks"
"45",19,"2019-11-29","CLE","W",119,110,45,88,0.511,12,34,0.353,17,23,0.739,11,47,28,7,4,13,15,5.33333333333333,"Bucks"
"46",20,"2019-11-30","CHO","W",137,96,54,96,0.563,20,44,0.455,9,15,0.6,7,53,41,7,3,7,13,5.66666666666667,"Bucks"
"47",21,"2019-12-02","NYK","W",132,88,48,86,0.558,16,35,0.457,20,32,0.625,10,57,30,7,4,13,23,6,"Bucks"
"48",22,"2019-12-04","DET","W",127,103,44,90,0.489,14,35,0.4,25,27,0.926,10,55,25,7,8,14,18,6.33333333333333,"Bucks"
"49",23,"2019-12-06","LAC","W",119,91,44,94,0.468,14,36,0.389,17,21,0.81,13,53,29,11,6,15,23,6.66666666666667,"Bucks"
"50",24,"2019-12-09","ORL","W",110,101,43,92,0.467,16,41,0.39,8,15,0.533,10,54,30,7,4,14,19,7,"Bucks"
"51",25,"2019-12-11","NOP","W",127,112,50,93,0.538,19,39,0.487,8,9,0.889,5,43,27,13,2,14,17,7.33333333333333,"Bucks"
"52",1,"2019-10-23","CHO","L",125,126,49,105,0.467,9,30,0.3,18,22,0.818,20,49,25,11,4,10,20,0,"Bulls"
"53",2,"2019-10-25","MEM","W",110,102,40,93,0.43,12,42,0.286,18,24,0.75,9,45,18,14,7,13,21,1,"Bulls"
"54",3,"2019-10-26","TOR","L",84,108,29,97,0.299,9,35,0.257,17,25,0.68,12,45,18,9,2,15,22,0.5,"Bulls"
"55",4,"2019-10-28","NYK","L",98,105,36,85,0.424,9,35,0.257,17,21,0.81,8,38,19,6,5,9,22,0.333333333333333,"Bulls"
"56",5,"2019-10-30","CLE","L",111,117,39,90,0.433,14,39,0.359,19,23,0.826,9,32,25,6,5,6,24,0.25,"Bulls"
"57",6,"2019-11-01","DET","W",112,106,39,89,0.438,16,40,0.4,18,23,0.783,11,42,29,6,1,17,18,0.5,"Bulls"
"58",7,"2019-11-03","IND","L",95,108,36,84,0.429,9,29,0.31,14,25,0.56,6,42,27,8,2,18,21,0.4,"Bulls"
"59",8,"2019-11-05","LAL","L",112,118,43,85,0.506,14,32,0.438,12,23,0.522,7,42,22,11,4,16,21,0.333333333333333,"Bulls"
"60",9,"2019-11-06","ATL","W",113,93,41,82,0.5,13,33,0.394,18,27,0.667,7,43,26,11,9,17,30,0.5,"Bulls"
"61",10,"2019-11-09","HOU","L",94,117,37,98,0.378,4,32,0.125,16,18,0.889,11,46,21,14,5,15,22,0.428571428571429,"Bulls"
"62",11,"2019-11-12","NYK","W",120,102,41,81,0.506,14,33,0.424,24,31,0.774,9,46,22,9,2,19,25,0.571428571428571,"Bulls"
"63",12,"2019-11-14","MIL","L",115,124,38,93,0.409,18,43,0.419,21,25,0.84,10,45,25,14,1,20,29,0.5,"Bulls"
"64",13,"2019-11-16","BRK","L",111,117,32,91,0.352,9,39,0.231,38,41,0.927,17,56,15,8,2,19,30,0.444444444444444,"Bulls"
"65",14,"2019-11-18","MIL","L",101,115,39,97,0.402,12,34,0.353,11,14,0.786,13,50,25,6,6,14,25,0.4,"Bulls"
"66",15,"2019-11-20","DET","W",109,89,39,91,0.429,14,27,0.519,17,26,0.654,12,55,25,9,7,14,24,0.5,"Bulls"
"67",16,"2019-11-22","MIA","L",108,116,41,90,0.456,10,30,0.333,16,20,0.8,14,41,23,11,3,13,24,0.454545454545455,"Bulls"
"68",17,"2019-11-23","CHO","W",116,115,43,95,0.453,22,47,0.468,8,12,0.667,13,39,27,12,3,13,20,0.545454545454545,"Bulls"
"69",18,"2019-11-25","POR","L",94,117,36,86,0.419,9,39,0.231,13,20,0.65,8,37,24,8,4,17,20,0.5,"Bulls"
"70",19,"2019-11-27","GSW","L",90,104,34,89,0.382,10,29,0.345,12,18,0.667,14,42,20,14,4,17,20,0.461538461538462,"Bulls"
"71",20,"2019-11-29","POR","L",103,107,36,94,0.383,14,38,0.368,17,25,0.68,11,47,24,8,2,11,22,0.428571428571429,"Bulls"
"72",21,"2019-12-02","SAC","W",113,106,36,75,0.48,16,37,0.432,25,29,0.862,3,32,20,9,0,18,20,0.5,"Bulls"
"73",22,"2019-12-04","MEM","W",106,99,33,77,0.429,13,33,0.394,27,37,0.73,10,50,22,5,13,20,22,0.571428571428571,"Bulls"
"74",23,"2019-12-06","GSW","L",98,100,39,88,0.443,17,41,0.415,3,5,0.6,10,37,21,11,2,14,20,0.533333333333333,"Bulls"
"75",24,"2019-12-08","MIA","L",105,110,35,80,0.438,13,36,0.361,22,27,0.815,6,39,20,8,1,14,31,0.5,"Bulls"
"76",25,"2019-12-09","TOR","L",92,93,35,89,0.393,12,46,0.261,10,14,0.714,9,45,30,6,4,14,20,0.470588235294118,"Bulls"
"77",26,"2019-12-11","ATL","W",136,102,54,94,0.574,11,24,0.458,17,19,0.895,7,42,32,15,7,13,25,0.529411764705882,"Bulls"
"78",1,"2019-10-23","ORL","L",85,94,33,88,0.375,9,34,0.265,10,15,0.667,10,54,20,8,2,16,15,0,"Cavs"
"79",2,"2019-10-26","IND","W",110,99,40,80,0.5,11,31,0.355,19,29,0.655,12,44,23,9,7,18,20,1,"Cavs"
"80",3,"2019-10-28","MIL","L",112,129,45,100,0.45,12,39,0.308,10,12,0.833,10,48,19,2,3,11,22,0.5,"Cavs"
"81",4,"2019-10-30","CHI","W",117,111,41,78,0.526,10,24,0.417,25,31,0.806,10,47,25,3,7,17,21,1,"Cavs"
"82",5,"2019-11-01","IND","L",95,102,32,87,0.368,11,32,0.344,20,25,0.8,3,45,20,9,1,16,21,0.666666666666667,"Cavs"
"83",6,"2019-11-03","DAL","L",111,131,39,96,0.406,18,48,0.375,15,22,0.682,12,41,24,9,4,9,14,0.5,"Cavs"
"84",7,"2019-11-05","BOS","L",113,119,40,95,0.421,13,33,0.394,20,22,0.909,11,43,22,3,6,9,18,0.4,"Cavs"
"85",8,"2019-11-08","WAS","W",113,100,41,90,0.456,6,27,0.222,25,29,0.862,17,48,18,10,5,12,17,0.6,"Cavs"
"86",9,"2019-11-10","NYK","W",108,87,36,82,0.439,8,28,0.286,28,31,0.903,9,45,20,11,2,14,19,0.8,"Cavs"
"87",10,"2019-11-12","PHI","L",97,98,38,86,0.442,5,21,0.238,16,20,0.8,9,45,13,10,0,13,13,0.666666666666667,"Cavs"
"88",11,"2019-11-14","MIA","L",97,108,36,85,0.424,8,32,0.25,17,21,0.81,11,41,18,14,2,18,16,0.571428571428571,"Cavs"
"89",12,"2019-11-17","PHI","L",95,114,34,90,0.378,6,25,0.24,21,24,0.875,11,42,14,9,5,14,21,0.5,"Cavs"
"90",13,"2019-11-18","NYK","L",105,123,36,76,0.474,17,36,0.472,16,30,0.533,10,41,18,2,1,19,26,0.444444444444444,"Cavs"
"91",14,"2019-11-20","MIA","L",100,124,37,87,0.425,12,38,0.316,14,16,0.875,10,34,19,13,2,19,23,0.4,"Cavs"
"92",15,"2019-11-22","DAL","L",101,143,37,86,0.43,12,29,0.414,15,17,0.882,8,34,23,3,3,10,15,0.363636363636364,"Cavs"
"93",16,"2019-11-23","POR","W",110,104,37,87,0.425,10,31,0.323,26,32,0.813,9,52,19,9,2,13,14,0.454545454545455,"Cavs"
"94",17,"2019-11-25","BRK","L",106,108,40,94,0.426,13,32,0.406,13,20,0.65,12,45,24,5,4,10,14,0.416666666666667,"Cavs"
"95",18,"2019-11-27","ORL","L",104,116,37,81,0.457,11,34,0.324,19,22,0.864,12,49,20,5,0,25,15,0.384615384615385,"Cavs"
"96",19,"2019-11-29","MIL","L",110,119,44,88,0.5,17,34,0.5,5,10,0.5,8,41,32,7,1,14,22,0.357142857142857,"Cavs"
"97",20,"2019-12-03","DET","L",94,127,38,90,0.422,8,27,0.296,10,14,0.714,12,40,16,6,6,13,11,0.333333333333333,"Cavs"
"98",21,"2019-12-06","ORL","L",87,93,35,83,0.422,10,34,0.294,7,10,0.7,10,45,22,9,7,16,19,0.3125,"Cavs"
"99",22,"2019-12-07","PHI","L",94,141,36,96,0.375,9,35,0.257,13,17,0.765,11,35,20,4,0,17,17,0.294117647058824,"Cavs"
"100",23,"2019-12-09","BOS","L",88,110,36,91,0.396,7,31,0.226,9,19,0.474,18,45,18,8,2,18,11,0.277777777777778,"Cavs"
"101",24,"2019-12-11","HOU","L",110,116,46,89,0.517,13,32,0.406,5,8,0.625,9,36,29,8,4,15,15,0.263157894736842,"Cavs"
"102",25,"2019-12-12","SAS","W",117,109,44,96,0.458,15,45,0.333,14,20,0.7,11,50,22,6,3,18,22,0.315789473684211,"Cavs"
"103",1,"2019-10-23","PHI","L",93,107,33,90,0.367,7,26,0.269,20,34,0.588,10,41,18,4,2,10,29,0,"Celtics"
"104",2,"2019-10-25","TOR","W",112,106,42,109,0.385,13,38,0.342,15,16,0.938,21,56,21,10,8,9,20,1,"Celtics"
"105",3,"2019-10-26","NYK","W",118,95,42,93,0.452,15,41,0.366,19,29,0.655,13,46,24,14,9,12,26,2,"Celtics"
"106",4,"2019-10-30","MIL","W",116,105,41,92,0.446,17,41,0.415,17,21,0.81,5,45,25,4,4,9,20,3,"Celtics"
"107",5,"2019-11-01","NYK","W",104,102,33,74,0.446,11,34,0.324,27,29,0.931,3,44,21,7,4,14,16,4,"Celtics"
"108",6,"2019-11-05","CLE","W",119,113,48,85,0.565,12,30,0.4,11,15,0.733,4,45,24,5,12,14,23,5,"Celtics"
"109",7,"2019-11-07","CHO","W",108,87,40,93,0.43,10,33,0.303,18,23,0.783,11,52,29,13,5,12,19,6,"Celtics"
"110",8,"2019-11-09","SAS","W",135,115,48,94,0.511,14,37,0.378,25,28,0.893,7,43,28,11,11,8,25,7,"Celtics"
"111",9,"2019-11-11","DAL","W",116,106,41,86,0.477,15,35,0.429,19,25,0.76,10,46,25,4,5,9,27,8,"Celtics"
"112",10,"2019-11-13","WAS","W",140,133,49,96,0.51,16,36,0.444,26,29,0.897,10,44,32,5,5,11,26,9,"Celtics"
"113",11,"2019-11-15","GSW","W",105,100,37,91,0.407,13,33,0.394,18,23,0.783,11,47,24,13,5,14,24,10,"Celtics"
"114",12,"2019-11-17","SAC","L",99,100,34,82,0.415,10,30,0.333,21,24,0.875,10,46,26,7,3,14,14,5,"Celtics"
"115",13,"2019-11-18","PHO","W",99,85,37,89,0.416,12,41,0.293,13,17,0.765,11,52,22,12,5,17,21,5.5,"Celtics"
"116",14,"2019-11-20","LAC","L",104,107,41,104,0.394,12,45,0.267,10,14,0.714,18,53,26,11,2,17,22,3.66666666666667,"Celtics"
"117",15,"2019-11-22","DEN","L",92,96,33,81,0.407,7,27,0.259,19,23,0.826,5,40,21,12,6,11,19,2.75,"Celtics"
"118",16,"2019-11-25","SAC","W",103,102,38,85,0.447,7,30,0.233,20,23,0.87,11,38,20,10,4,11,16,3,"Celtics"
"119",17,"2019-11-27","BRK","W",121,110,43,97,0.443,13,34,0.382,22,24,0.917,19,55,23,10,5,14,17,3.25,"Celtics"
"120",18,"2019-11-29","BRK","L",107,112,41,93,0.441,9,28,0.321,16,21,0.762,16,48,16,11,7,19,14,2.6,"Celtics"
"121",19,"2019-12-01","NYK","W",113,104,41,93,0.441,15,41,0.366,16,22,0.727,16,44,25,5,7,13,28,2.8,"Celtics"
"122",20,"2019-12-04","MIA","W",112,93,35,79,0.443,16,41,0.39,26,32,0.813,10,46,21,8,8,10,20,3,"Celtics"
"123",21,"2019-12-06","DEN","W",108,95,44,82,0.537,13,35,0.371,7,8,0.875,4,37,21,5,5,15,23,3.2,"Celtics"
"124",22,"2019-12-09","CLE","W",110,88,45,78,0.577,15,27,0.556,5,8,0.625,5,39,22,8,9,18,19,3.4,"Celtics"
"125",23,"2019-12-11","IND","L",117,122,43,87,0.494,14,36,0.389,17,22,0.773,8,44,25,6,4,15,27,2.83333333333333,"Celtics"
"126",24,"2019-12-12","PHI","L",109,115,42,91,0.462,11,31,0.355,14,17,0.824,9,33,24,4,7,6,25,2.42857142857143,"Celtics"
"127",1,"2019-10-22","LAL","W",112,102,42,81,0.519,11,31,0.355,17,24,0.708,11,45,24,8,5,14,25,NA,"Clippers"
"128",2,"2019-10-24","GSW","W",141,122,50,80,0.625,18,32,0.563,23,30,0.767,3,39,33,7,5,17,24,NA,"Clippers"
"129",3,"2019-10-26","PHO","L",122,130,40,87,0.46,11,32,0.344,31,39,0.795,10,41,20,8,4,12,32,2,"Clippers"
"130",4,"2019-10-28","CHO","W",111,96,40,83,0.482,12,33,0.364,19,21,0.905,9,44,23,11,8,21,24,3,"Clippers"
"131",5,"2019-10-30","UTA","L",96,110,39,82,0.476,8,23,0.348,10,12,0.833,6,36,19,3,4,19,22,1.5,"Clippers"
"132",6,"2019-10-31","SAS","W",103,97,39,91,0.429,5,26,0.192,20,27,0.741,11,47,16,9,1,11,23,2,"Clippers"
"133",7,"2019-11-03","UTA","W",105,94,36,92,0.391,7,32,0.219,26,34,0.765,18,54,15,7,6,9,25,2.5,"Clippers"
"134",8,"2019-11-06","MIL","L",124,129,41,98,0.418,13,31,0.419,29,36,0.806,14,54,21,4,3,19,28,1.66666666666667,"Clippers"
"135",9,"2019-11-07","POR","W",107,101,39,89,0.438,4,23,0.174,25,30,0.833,13,57,20,6,12,17,14,2,"Clippers"
"136",10,"2019-11-11","TOR","W",98,88,34,92,0.37,8,36,0.222,22,30,0.733,20,66,25,9,7,19,21,2.33333333333333,"Clippers"
"137",11,"2019-11-13","HOU","L",93,102,38,98,0.388,10,33,0.303,7,14,0.5,11,53,17,3,3,13,21,1.75,"Clippers"
"138",12,"2019-11-14","NOP","L",127,132,46,84,0.548,11,24,0.458,24,31,0.774,6,37,28,6,6,16,22,1.4,"Clippers"
"139",13,"2019-11-16","ATL","W",150,101,50,93,0.538,17,33,0.515,33,35,0.943,12,53,30,10,12,19,28,1.6,"Clippers"
"140",14,"2019-11-18","OKC","W",90,88,35,87,0.402,10,36,0.278,10,14,0.714,13,49,23,7,5,17,25,1.8,"Clippers"
"141",15,"2019-11-20","BOS","W",107,104,39,93,0.419,17,45,0.378,12,16,0.75,14,53,26,12,9,23,18,2,"Clippers"
"142",16,"2019-11-22","HOU","W",122,119,45,87,0.517,13,33,0.394,19,24,0.792,10,47,27,9,4,19,32,2.2,"Clippers"
"143",17,"2019-11-24","NOP","W",134,109,46,98,0.469,16,43,0.372,26,33,0.788,16,56,27,4,5,6,21,2.4,"Clippers"
"144",18,"2019-11-26","DAL","W",114,99,41,97,0.423,11,33,0.333,21,30,0.7,17,56,22,12,3,14,27,2.6,"Clippers"
"145",19,"2019-11-27","MEM","W",121,119,44,95,0.463,14,41,0.341,19,25,0.76,13,43,30,11,6,15,24,2.8,"Clippers"
"146",20,"2019-11-29","SAS","L",97,107,36,92,0.391,12,33,0.364,13,13,1,9,48,23,6,5,14,17,2.33333333333333,"Clippers"
"147",21,"2019-12-01","WAS","W",150,125,52,94,0.553,14,32,0.438,32,40,0.8,10,52,22,8,5,16,25,2.5,"Clippers"
"148",22,"2019-12-03","POR","W",117,97,43,94,0.457,17,34,0.5,14,25,0.56,11,49,25,7,3,10,15,2.66666666666667,"Clippers"
"149",23,"2019-12-06","MIL","L",91,119,33,94,0.351,8,32,0.25,17,19,0.895,12,48,18,9,4,21,19,2.28571428571429,"Clippers"
"150",24,"2019-12-08","WAS","W",135,119,50,96,0.521,15,40,0.375,20,27,0.741,9,45,27,8,4,10,26,2.42857142857143,"Clippers"
"151",25,"2019-12-09","IND","W",110,99,40,97,0.412,10,32,0.313,20,27,0.741,12,57,19,7,7,11,16,2.57142857142857,"Clippers"
"152",26,"2019-12-11","TOR","W",112,92,38,86,0.442,12,40,0.3,24,27,0.889,12,50,29,8,5,18,21,2.71428571428571,"Clippers"
"153",1,"2019-10-23","MIA","L",101,120,38,89,0.427,5,32,0.156,20,30,0.667,9,40,22,9,7,24,31,0,"Grizzlies"
"154",2,"2019-10-25","CHI","L",102,110,39,94,0.415,10,29,0.345,14,20,0.7,15,56,24,8,6,18,21,0,"Grizzlies"
"155",3,"2019-10-27","BRK","W",134,133,50,103,0.485,14,33,0.424,20,25,0.8,8,49,33,9,10,12,29,0.5,"Grizzlies"
"156",4,"2019-10-29","LAL","L",91,120,31,95,0.326,7,34,0.206,22,23,0.957,13,46,20,10,3,21,27,0.333333333333333,"Grizzlies"
"157",5,"2019-11-02","PHO","L",105,114,42,86,0.488,9,28,0.321,12,19,0.632,13,46,26,9,8,20,23,0.25,"Grizzlies"
"158",6,"2019-11-04","HOU","L",100,107,40,94,0.426,3,25,0.12,17,21,0.81,13,51,19,13,7,14,21,0.2,"Grizzlies"
"159",7,"2019-11-06","MIN","W",137,121,50,88,0.568,12,23,0.522,25,30,0.833,8,49,34,4,3,17,22,0.4,"Grizzlies"
"160",8,"2019-11-08","ORL","L",86,118,32,86,0.372,11,29,0.379,11,13,0.846,4,36,23,3,5,18,22,0.333333333333333,"Grizzlies"
"161",9,"2019-11-09","DAL","L",122,138,50,95,0.526,12,36,0.333,10,14,0.714,10,39,31,10,6,15,22,0.285714285714286,"Grizzlies"
"162",10,"2019-11-11","SAS","W",113,109,44,87,0.506,11,28,0.393,14,20,0.7,9,47,32,7,5,11,20,0.428571428571429,"Grizzlies"
"163",11,"2019-11-13","CHO","W",119,117,48,89,0.539,17,35,0.486,6,9,0.667,11,45,32,9,5,23,21,0.571428571428571,"Grizzlies"
"164",12,"2019-11-15","UTA","W",107,106,43,96,0.448,10,35,0.286,11,13,0.846,9,46,25,6,5,11,23,0.714285714285714,"Grizzlies"
"165",13,"2019-11-17","DEN","L",114,131,39,84,0.464,16,36,0.444,20,24,0.833,9,45,29,4,3,16,17,0.625,"Grizzlies"
"166",14,"2019-11-19","GSW","L",95,114,36,88,0.409,9,25,0.36,14,19,0.737,7,37,26,6,4,12,23,0.555555555555556,"Grizzlies"
"167",15,"2019-11-23","LAL","L",108,109,43,89,0.483,14,30,0.467,8,13,0.615,12,47,28,12,3,19,19,0.5,"Grizzlies"
"168",16,"2019-11-25","IND","L",114,126,46,96,0.479,13,29,0.448,9,13,0.692,8,40,30,6,5,8,16,0.454545454545455,"Grizzlies"
"169",17,"2019-11-27","LAC","L",119,121,43,92,0.467,11,28,0.393,22,26,0.846,13,48,26,9,3,20,22,0.416666666666667,"Grizzlies"
"170",18,"2019-11-29","UTA","L",94,103,37,94,0.394,10,34,0.294,10,17,0.588,15,55,22,1,8,11,17,0.384615384615385,"Grizzlies"
"171",19,"2019-12-01","MIN","W",115,107,41,100,0.41,16,40,0.4,17,21,0.81,12,50,27,8,3,11,26,0.461538461538462,"Grizzlies"
"172",20,"2019-12-02","IND","L",104,117,38,89,0.427,10,38,0.263,18,19,0.947,8,38,23,5,6,11,20,0.428571428571429,"Grizzlies"
"173",21,"2019-12-04","CHI","L",99,106,37,96,0.385,7,30,0.233,18,21,0.857,11,46,24,14,6,12,28,0.4,"Grizzlies"
"174",22,"2019-12-07","UTA","L",112,126,43,81,0.531,10,35,0.286,16,25,0.64,5,28,23,15,3,14,19,0.375,"Grizzlies"
"175",23,"2019-12-09","GSW","W",110,102,41,82,0.5,15,40,0.375,13,17,0.765,1,42,29,13,6,18,20,0.4375,"Grizzlies"
"176",24,"2019-12-11","PHO","W",115,108,42,87,0.483,10,24,0.417,21,26,0.808,7,55,23,8,4,18,28,0.5,"Grizzlies"
"177",1,"2019-10-24","DET","W",117,100,44,86,0.512,11,31,0.355,18,21,0.857,8,42,27,9,2,13,15,NA,"Hawks"
"178",2,"2019-10-26","ORL","W",103,99,43,84,0.512,9,30,0.3,8,15,0.533,9,52,22,5,9,18,26,NA,"Hawks"
"179",3,"2019-10-28","PHI","L",103,105,36,84,0.429,9,27,0.333,22,32,0.688,8,45,23,12,3,21,25,2,"Hawks"
"180",4,"2019-10-29","MIA","L",97,112,35,83,0.422,11,39,0.282,16,24,0.667,9,33,28,14,7,20,29,1,"Hawks"
"181",5,"2019-10-31","MIA","L",97,106,36,88,0.409,7,34,0.206,18,26,0.692,16,50,20,5,5,16,15,0.666666666666667,"Hawks"
"182",6,"2019-11-05","SAS","W",108,100,43,90,0.478,11,30,0.367,11,16,0.688,9,48,22,9,5,18,20,1,"Hawks"
"183",7,"2019-11-06","CHI","L",93,113,30,74,0.405,6,30,0.2,27,35,0.771,6,41,18,7,3,24,26,0.75,"Hawks"
"184",8,"2019-11-08","SAC","L",109,121,46,87,0.529,9,28,0.321,8,14,0.571,11,34,23,8,6,12,19,0.6,"Hawks"
"185",9,"2019-11-10","POR","L",113,124,42,104,0.404,11,41,0.268,18,25,0.72,11,48,21,11,8,16,26,0.5,"Hawks"
"186",10,"2019-11-12","DEN","W",125,121,44,83,0.53,15,34,0.441,22,34,0.647,10,45,30,1,5,14,21,0.666666666666667,"Hawks"
"187",11,"2019-11-14","PHO","L",112,128,40,91,0.44,8,31,0.258,24,30,0.8,15,49,25,15,5,22,31,0.571428571428571,"Hawks"
"188",12,"2019-11-16","LAC","L",101,150,34,90,0.378,6,24,0.25,27,37,0.73,14,38,19,11,10,19,27,0.5,"Hawks"
"189",13,"2019-11-17","LAL","L",101,122,37,86,0.43,8,28,0.286,19,25,0.76,9,37,16,11,2,18,19,0.444444444444444,"Hawks"
"190",14,"2019-11-20","MIL","L",127,135,44,96,0.458,14,31,0.452,25,31,0.806,9,43,27,8,2,13,26,0.4,"Hawks"
"191",15,"2019-11-22","DET","L",103,128,38,88,0.432,10,37,0.27,17,17,1,10,34,26,12,2,19,18,0.363636363636364,"Hawks"
"192",16,"2019-11-23","TOR","L",116,119,47,90,0.522,14,34,0.412,8,11,0.727,8,38,32,9,7,15,27,0.333333333333333,"Hawks"
"193",17,"2019-11-25","MIN","L",113,125,41,94,0.436,10,32,0.313,21,26,0.808,9,42,26,6,4,17,25,0.307692307692308,"Hawks"
"194",18,"2019-11-27","MIL","L",102,111,38,94,0.404,11,34,0.324,15,22,0.682,14,49,22,4,5,17,25,0.285714285714286,"Hawks"
"195",19,"2019-11-29","IND","L",104,105,39,90,0.433,9,32,0.281,17,18,0.944,10,48,14,10,3,24,27,0.266666666666667,"Hawks"
"196",20,"2019-11-30","HOU","L",111,158,38,89,0.427,15,46,0.326,20,25,0.8,8,29,26,5,2,13,23,0.25,"Hawks"
"197",21,"2019-12-02","GSW","W",104,79,41,89,0.461,8,29,0.276,14,15,0.933,11,38,21,13,4,14,12,0.3125,"Hawks"
"198",22,"2019-12-04","BRK","L",118,130,48,90,0.533,9,26,0.346,13,21,0.619,9,35,24,8,9,16,19,0.294117647058824,"Hawks"
"199",23,"2019-12-08","CHO","W",122,107,44,91,0.484,18,45,0.4,16,17,0.941,11,48,28,8,8,13,24,0.352941176470588,"Hawks"
"200",24,"2019-12-10","MIA","L",121,135,45,95,0.474,20,54,0.37,11,18,0.611,4,37,30,4,6,11,23,0.333333333333333,"Hawks"
"201",25,"2019-12-11","CHI","L",102,136,35,83,0.422,13,38,0.342,19,26,0.731,10,41,26,7,5,23,20,0.315789473684211,"Hawks"
"202",1,"2019-10-23","MEM","W",120,101,40,85,0.471,7,18,0.389,33,39,0.846,11,51,18,9,8,21,33,NA,"Heat"
"203",2,"2019-10-26","MIL","W",131,126,46,101,0.455,16,44,0.364,23,36,0.639,8,54,33,7,3,16,30,NA,"Heat"
"204",3,"2019-10-27","MIN","L",109,116,42,85,0.494,15,36,0.417,10,15,0.667,7,41,25,7,9,21,23,2,"Heat"
"205",4,"2019-10-29","ATL","W",112,97,33,73,0.452,13,31,0.419,33,45,0.733,13,49,19,11,6,26,22,3,"Heat"
"206",5,"2019-10-31","ATL","W",106,97,40,84,0.476,14,37,0.378,12,19,0.632,9,41,29,12,9,13,18,4,"Heat"
"207",6,"2019-11-03","HOU","W",129,100,47,89,0.528,18,41,0.439,17,22,0.773,5,46,38,14,7,15,21,5,"Heat"
"208",7,"2019-11-05","DEN","L",89,109,32,88,0.364,9,29,0.31,16,25,0.64,13,44,23,12,5,13,21,2.5,"Heat"
"209",8,"2019-11-07","PHO","W",124,108,45,82,0.549,15,28,0.536,19,24,0.792,5,41,22,9,5,13,28,3,"Heat"
"210",9,"2019-11-08","LAL","L",80,95,28,80,0.35,6,35,0.171,18,24,0.75,8,37,18,9,2,12,12,2,"Heat"
"211",10,"2019-11-12","DET","W",117,108,41,77,0.532,14,32,0.438,21,27,0.778,8,42,34,6,1,19,30,2.33333333333333,"Heat"
"212",11,"2019-11-14","CLE","W",108,97,43,79,0.544,12,30,0.4,10,11,0.909,4,41,31,10,7,18,21,2.66666666666667,"Heat"
"213",12,"2019-11-16","NOP","W",109,94,44,81,0.543,9,24,0.375,12,13,0.923,9,45,25,13,3,20,6,3,"Heat"
"214",13,"2019-11-20","CLE","W",124,100,41,78,0.526,19,37,0.514,23,31,0.742,12,44,25,8,5,23,20,3.33333333333333,"Heat"
"215",14,"2019-11-22","CHI","W",116,108,39,79,0.494,14,38,0.368,24,28,0.857,9,44,33,10,3,19,17,3.66666666666667,"Heat"
"216",15,"2019-11-23","PHI","L",86,113,30,75,0.4,6,24,0.25,20,27,0.741,9,38,12,6,4,17,16,2.75,"Heat"
"217",16,"2019-11-25","CHO","W",117,100,40,77,0.519,13,31,0.419,24,28,0.857,8,49,29,9,3,18,23,3,"Heat"
"218",17,"2019-11-27","HOU","L",108,117,37,80,0.463,14,37,0.378,20,27,0.741,8,41,22,8,3,18,24,2.4,"Heat"
"219",18,"2019-11-29","GSW","W",122,105,44,82,0.537,13,25,0.52,21,28,0.75,10,49,23,7,3,15,30,2.6,"Heat"
"220",19,"2019-12-01","BRK","W",109,106,37,95,0.389,12,37,0.324,23,28,0.821,16,51,16,3,2,9,17,2.8,"Heat"
"221",20,"2019-12-03","TOR","W",121,110,45,99,0.455,15,38,0.395,16,21,0.762,10,55,29,4,7,11,27,3,"Heat"
"222",21,"2019-12-04","BOS","L",93,112,34,77,0.442,14,38,0.368,11,17,0.647,8,40,20,7,2,18,25,2.5,"Heat"
"223",22,"2019-12-06","WAS","W",112,103,42,86,0.488,10,28,0.357,18,24,0.75,11,50,28,6,7,12,13,2.66666666666667,"Heat"
"224",23,"2019-12-08","CHI","W",110,105,32,77,0.416,11,35,0.314,35,44,0.795,10,43,20,9,2,17,23,2.83333333333333,"Heat"
"225",24,"2019-12-10","ATL","W",135,121,53,103,0.515,14,41,0.341,15,22,0.682,9,53,35,5,3,11,17,3,"Heat"
"226",1,"2019-10-23","CHI","W",126,125,45,88,0.511,23,44,0.523,13,16,0.813,9,41,28,3,4,19,18,NA,"Hornets"
"227",2,"2019-10-25","MIN","L",99,121,37,84,0.44,12,29,0.414,13,26,0.5,9,42,26,6,5,19,29,1,"Hornets"
"228",3,"2019-10-27","LAL","L",101,120,35,91,0.385,10,35,0.286,21,23,0.913,13,45,19,7,4,14,20,0.5,"Hornets"
"229",4,"2019-10-28","LAC","L",96,111,36,83,0.434,14,39,0.359,10,14,0.714,9,38,24,5,3,21,23,0.333333333333333,"Hornets"
"230",5,"2019-10-30","SAC","W",118,111,46,84,0.548,16,32,0.5,10,14,0.714,10,46,30,8,3,20,17,0.666666666666667,"Hornets"
"231",6,"2019-11-02","GSW","W",93,87,36,85,0.424,5,29,0.172,16,23,0.696,16,48,18,6,1,12,15,1,"Hornets"
"232",7,"2019-11-05","IND","W",122,120,42,88,0.477,10,31,0.323,28,42,0.667,10,37,22,7,4,13,17,1.33333333333333,"Hornets"
"233",8,"2019-11-07","BOS","L",87,108,33,86,0.384,6,31,0.194,15,21,0.714,9,49,21,7,9,20,19,1,"Hornets"
"234",9,"2019-11-09","NOP","L",110,115,36,88,0.409,12,35,0.343,26,34,0.765,13,42,27,10,2,21,27,0.8,"Hornets"
"235",10,"2019-11-10","PHI","L",106,114,38,84,0.452,14,33,0.424,16,22,0.727,6,31,22,9,1,13,19,0.666666666666667,"Hornets"
"236",11,"2019-11-13","MEM","L",117,119,43,87,0.494,16,36,0.444,15,19,0.789,7,34,27,8,5,15,12,0.571428571428571,"Hornets"
"237",12,"2019-11-15","DET","W",109,106,43,96,0.448,13,35,0.371,10,16,0.625,14,41,22,10,3,10,17,0.714285714285714,"Hornets"
"238",13,"2019-11-16","NYK","W",103,102,36,87,0.414,17,48,0.354,14,19,0.737,12,42,22,5,3,10,18,0.857142857142857,"Hornets"
"239",14,"2019-11-18","TOR","L",96,132,33,78,0.423,15,45,0.333,15,24,0.625,9,37,26,3,8,19,19,0.75,"Hornets"
"240",15,"2019-11-20","BRK","L",91,101,30,81,0.37,11,33,0.333,20,26,0.769,8,41,17,8,3,16,23,0.666666666666667,"Hornets"
"241",16,"2019-11-22","WAS","L",118,125,48,93,0.516,14,34,0.412,8,8,1,7,44,24,9,5,16,18,0.6,"Hornets"
"242",17,"2019-11-23","CHI","L",115,116,44,80,0.55,12,28,0.429,15,22,0.682,10,43,26,5,7,19,17,0.545454545454545,"Hornets"
"243",18,"2019-11-25","MIA","L",100,117,36,87,0.414,9,33,0.273,19,25,0.76,10,35,25,11,0,13,24,0.5,"Hornets"
"244",19,"2019-11-27","DET","W",102,101,39,88,0.443,7,30,0.233,17,20,0.85,10,41,27,3,7,3,18,0.583333333333333,"Hornets"
"245",20,"2019-11-29","DET","W",110,107,40,83,0.482,19,38,0.5,11,15,0.733,11,37,26,8,6,10,17,0.666666666666667,"Hornets"
"246",21,"2019-11-30","MIL","L",96,137,37,101,0.366,15,45,0.333,7,8,0.875,15,53,21,4,1,12,18,0.615384615384615,"Hornets"
"247",22,"2019-12-02","PHO","L",104,109,38,84,0.452,7,25,0.28,21,26,0.808,14,53,27,4,7,19,23,0.571428571428571,"Hornets"
"248",23,"2019-12-04","GSW","W",106,91,40,87,0.46,21,48,0.438,5,8,0.625,11,44,30,11,7,13,20,0.642857142857143,"Hornets"
"249",24,"2019-12-06","BRK","L",104,111,36,83,0.434,17,40,0.425,15,17,0.882,10,34,23,6,6,19,16,0.6,"Hornets"
"250",25,"2019-12-08","ATL","L",107,122,36,90,0.4,11,31,0.355,24,29,0.828,13,44,22,8,3,11,17,0.5625,"Hornets"
"251",26,"2019-12-10","WAS","W",114,107,38,85,0.447,16,41,0.39,22,28,0.786,11,48,22,4,4,13,26,0.625,"Hornets"
"252",27,"2019-12-11","BRK","W",113,108,36,88,0.409,15,35,0.429,26,32,0.813,15,47,20,2,6,8,23,0.6875,"Hornets"
"253",1,"2019-10-23","OKC","W",100,95,40,90,0.444,6,24,0.25,14,20,0.7,11,49,15,4,5,11,31,NA,"Jazz"
"254",2,"2019-10-25","LAL","L",86,95,29,70,0.414,8,25,0.32,20,21,0.952,3,40,19,8,2,22,25,1,"Jazz"
"255",3,"2019-10-26","SAC","W",113,81,44,78,0.564,18,37,0.486,7,12,0.583,2,43,28,6,1,21,22,2,"Jazz"
"256",4,"2019-10-28","PHO","W",96,95,27,71,0.38,10,31,0.323,32,39,0.821,6,49,19,8,5,23,26,3,"Jazz"
"257",5,"2019-10-30","LAC","W",110,96,44,80,0.55,11,24,0.458,11,16,0.688,3,36,23,12,5,14,18,4,"Jazz"
"258",6,"2019-11-01","SAC","L",101,102,35,73,0.479,11,28,0.393,20,27,0.741,6,36,18,12,5,17,18,2,"Jazz"
"259",7,"2019-11-03","LAC","L",94,105,31,78,0.397,10,31,0.323,22,31,0.71,6,37,16,4,6,14,30,1.33333333333333,"Jazz"
"260",8,"2019-11-06","PHI","W",106,104,41,89,0.461,8,22,0.364,16,24,0.667,14,50,21,9,4,13,21,1.66666666666667,"Jazz"
"261",9,"2019-11-08","MIL","W",103,100,34,84,0.405,15,36,0.417,20,29,0.69,11,56,15,3,1,20,27,2,"Jazz"
"262",10,"2019-11-11","GSW","W",122,108,40,81,0.494,16,35,0.457,26,32,0.813,5,43,30,3,3,12,16,2.33333333333333,"Jazz"
"263",11,"2019-11-12","BRK","W",119,114,43,92,0.467,6,26,0.231,27,35,0.771,11,46,16,7,4,11,18,2.66666666666667,"Jazz"
"264",12,"2019-11-15","MEM","L",106,107,35,87,0.402,9,34,0.265,27,32,0.844,9,45,17,5,6,14,16,2,"Jazz"
"265",13,"2019-11-18","MIN","L",102,112,35,96,0.365,12,31,0.387,20,26,0.769,12,53,20,5,5,14,23,1.6,"Jazz"
"266",14,"2019-11-20","MIN","W",103,95,35,86,0.407,14,33,0.424,19,27,0.704,13,51,22,7,6,11,21,1.8,"Jazz"
"267",15,"2019-11-22","GSW","W",113,109,43,85,0.506,14,32,0.438,13,16,0.813,8,48,23,4,10,17,14,2,"Jazz"
"268",16,"2019-11-23","NOP","W",128,120,42,82,0.512,15,36,0.417,29,33,0.879,7,49,29,2,4,17,21,2.2,"Jazz"
"269",17,"2019-11-25","MIL","L",118,122,43,85,0.506,21,45,0.467,11,12,0.917,4,40,29,4,6,16,23,1.83333333333333,"Jazz"
"270",18,"2019-11-27","IND","L",102,121,36,83,0.434,10,32,0.313,20,25,0.8,10,40,19,7,2,16,21,1.57142857142857,"Jazz"
"271",19,"2019-11-29","MEM","W",103,94,38,95,0.4,12,35,0.343,15,19,0.789,11,52,18,8,2,5,15,1.71428571428571,"Jazz"
"272",20,"2019-12-01","TOR","L",110,130,38,90,0.422,13,35,0.371,21,29,0.724,15,51,21,5,3,18,17,1.5,"Jazz"
"273",21,"2019-12-02","PHI","L",94,103,38,81,0.469,5,22,0.227,13,20,0.65,5,42,23,6,8,19,26,1.33333333333333,"Jazz"
"274",22,"2019-12-04","LAL","L",96,121,34,83,0.41,14,31,0.452,14,19,0.737,8,40,20,3,3,18,24,1.2,"Jazz"
"275",23,"2019-12-07","MEM","W",126,112,45,80,0.563,19,34,0.559,17,18,0.944,9,41,32,8,0,22,25,1.3,"Jazz"
"276",24,"2019-12-09","OKC","L",90,104,36,89,0.404,8,31,0.258,10,12,0.833,7,48,19,7,0,14,16,1.18181818181818,"Jazz"
"277",25,"2019-12-11","MIN","W",127,116,47,83,0.566,16,35,0.457,17,22,0.773,11,45,23,4,7,15,22,1.27272727272727,"Jazz"
"278",1,"2019-10-23","PHO","L",95,124,34,87,0.391,10,29,0.345,17,26,0.654,12,47,17,5,5,26,24,0,"Kings"
"279",2,"2019-10-25","POR","L",112,122,37,87,0.425,15,37,0.405,23,27,0.852,13,43,17,10,2,17,26,0,"Kings"
"280",3,"2019-10-26","UTA","L",81,113,30,81,0.37,7,26,0.269,14,17,0.824,6,31,16,5,3,17,19,0,"Kings"
"281",4,"2019-10-28","DEN","L",94,101,36,91,0.396,12,37,0.324,10,16,0.625,15,48,25,6,8,12,21,0,"Kings"
"282",5,"2019-10-30","CHO","L",111,118,44,96,0.458,14,46,0.304,9,12,0.75,10,39,26,11,5,15,19,0,"Kings"
"283",6,"2019-11-01","UTA","W",102,101,41,84,0.488,8,29,0.276,12,17,0.706,11,38,15,8,3,16,23,0.2,"Kings"
"284",7,"2019-11-03","NYK","W",113,92,41,85,0.482,15,39,0.385,16,25,0.64,10,50,25,7,5,14,29,0.4,"Kings"
"285",8,"2019-11-06","TOR","L",120,124,42,95,0.442,20,44,0.455,16,21,0.762,12,43,23,8,7,14,23,0.333333333333333,"Kings"
"286",9,"2019-11-08","ATL","W",121,109,42,76,0.553,18,31,0.581,19,22,0.864,9,36,27,7,7,14,19,0.5,"Kings"
"287",10,"2019-11-12","POR","W",107,99,38,86,0.442,11,32,0.344,20,26,0.769,11,46,24,9,5,14,25,0.666666666666667,"Kings"
"288",11,"2019-11-15","LAL","L",97,99,36,82,0.439,16,39,0.41,9,9,1,10,43,24,7,0,17,22,0.571428571428571,"Kings"
"289",12,"2019-11-17","BOS","W",100,99,38,89,0.427,14,35,0.4,10,12,0.833,10,45,22,8,7,12,24,0.714285714285714,"Kings"
"290",13,"2019-11-19","PHO","W",120,116,42,79,0.532,13,31,0.419,23,25,0.92,8,43,28,7,7,18,26,0.857142857142857,"Kings"
"291",14,"2019-11-22","BRK","L",97,116,39,86,0.453,4,26,0.154,15,19,0.789,7,33,26,8,2,16,25,0.75,"Kings"
"292",15,"2019-11-24","WAS","W",113,106,39,81,0.481,11,31,0.355,24,28,0.857,6,39,22,9,5,13,17,0.875,"Kings"
"293",16,"2019-11-25","BOS","L",102,103,37,79,0.468,18,47,0.383,10,15,0.667,8,36,28,3,8,14,18,0.777777777777778,"Kings"
"294",17,"2019-11-27","PHI","L",91,97,39,95,0.411,9,34,0.265,4,9,0.444,8,42,22,9,3,11,19,0.7,"Kings"
"295",18,"2019-11-30","DEN","W",100,97,37,96,0.385,8,33,0.242,18,21,0.857,13,50,22,12,4,14,23,0.8,"Kings"
"296",19,"2019-12-02","CHI","L",106,113,40,83,0.482,9,33,0.273,17,20,0.85,10,41,22,7,5,18,26,0.727272727272727,"Kings"
"297",20,"2019-12-04","POR","L",116,127,44,95,0.463,11,34,0.324,17,23,0.739,13,44,26,7,7,10,17,0.666666666666667,"Kings"
"298",21,"2019-12-06","SAS","L",104,105,40,102,0.392,9,34,0.265,15,18,0.833,16,52,19,10,3,14,20,0.615384615384615,"Kings"
"299",22,"2019-12-08","DAL","W",110,106,44,85,0.518,13,34,0.382,9,11,0.818,7,35,24,7,1,8,16,0.692307692307692,"Kings"
"300",23,"2019-12-09","HOU","W",119,118,40,88,0.455,20,45,0.444,19,22,0.864,9,37,24,14,5,9,17,0.769230769230769,"Kings"
"301",24,"2019-12-11","OKC","W",94,93,39,88,0.443,10,31,0.323,6,10,0.6,6,41,12,8,3,15,21,0.846153846153846,"Kings"
"302",1,"2019-10-23","SAS","L",111,120,44,94,0.468,10,30,0.333,13,18,0.722,5,39,24,16,1,14,32,0,"Knicks"
"303",2,"2019-10-25","BRK","L",109,113,38,81,0.469,17,25,0.68,16,28,0.571,9,39,17,14,4,26,31,0,"Knicks"
"304",3,"2019-10-26","BOS","L",95,118,31,82,0.378,7,27,0.259,26,34,0.765,16,55,15,7,4,23,26,0,"Knicks"
"305",4,"2019-10-28","CHI","W",105,98,38,91,0.418,9,29,0.31,20,32,0.625,25,63,19,3,6,17,19,0.333333333333333,"Knicks"
"306",5,"2019-10-30","ORL","L",83,95,31,82,0.378,7,31,0.226,14,20,0.7,10,44,19,1,10,11,15,0.25,"Knicks"
"307",6,"2019-11-01","BOS","L",102,104,37,93,0.398,14,38,0.368,14,21,0.667,16,51,22,9,4,13,23,0.2,"Knicks"
"308",7,"2019-11-03","SAC","L",92,113,32,80,0.4,8,31,0.258,20,31,0.645,9,38,18,6,5,13,23,0.166666666666667,"Knicks"
"309",8,"2019-11-06","DET","L",102,122,39,80,0.488,11,25,0.44,13,21,0.619,5,30,24,9,4,13,20,0.142857142857143,"Knicks"
"310",9,"2019-11-08","DAL","W",106,102,37,89,0.416,14,28,0.5,18,31,0.581,14,56,19,9,3,12,20,0.285714285714286,"Knicks"
"311",10,"2019-11-10","CLE","L",87,108,31,86,0.36,9,31,0.29,16,25,0.64,17,52,19,11,8,21,26,0.25,"Knicks"
"312",11,"2019-11-12","CHI","L",102,120,36,88,0.409,10,32,0.313,20,31,0.645,13,38,27,12,1,18,28,0.222222222222222,"Knicks"
"313",12,"2019-11-14","DAL","W",106,103,42,94,0.447,13,30,0.433,9,11,0.818,15,53,20,6,2,15,27,0.333333333333333,"Knicks"
"314",13,"2019-11-16","CHO","L",102,103,39,86,0.453,6,20,0.3,18,23,0.783,13,48,22,5,1,11,21,0.3,"Knicks"
"315",14,"2019-11-18","CLE","W",123,105,44,98,0.449,8,23,0.348,27,35,0.771,19,47,17,8,10,7,24,0.4,"Knicks"
"316",15,"2019-11-20","PHI","L",104,109,40,84,0.476,13,25,0.52,11,15,0.733,7,42,17,8,6,14,25,0.363636363636364,"Knicks"
"317",16,"2019-11-23","SAS","L",104,111,40,93,0.43,15,40,0.375,9,15,0.6,10,37,30,12,3,11,22,0.333333333333333,"Knicks"
"318",17,"2019-11-24","BRK","L",101,103,37,80,0.463,18,35,0.514,9,16,0.563,9,43,22,6,4,16,29,0.307692307692308,"Knicks"
"319",18,"2019-11-27","TOR","L",98,126,33,88,0.375,12,41,0.293,20,24,0.833,15,45,19,6,4,18,17,0.285714285714286,"Knicks"
"320",19,"2019-11-29","PHI","L",95,101,34,78,0.436,8,20,0.4,19,33,0.576,9,37,14,5,4,14,33,0.266666666666667,"Knicks"
"321",20,"2019-12-01","BOS","L",104,113,35,76,0.461,8,26,0.308,26,37,0.703,8,39,15,7,6,14,25,0.25,"Knicks"
"322",21,"2019-12-02","MIL","L",88,132,28,91,0.308,10,39,0.256,22,33,0.667,14,42,13,4,7,10,21,0.235294117647059,"Knicks"
"323",22,"2019-12-05","DEN","L",92,129,34,83,0.41,9,34,0.265,15,23,0.652,5,33,23,9,7,14,16,0.222222222222222,"Knicks"
"324",23,"2019-12-07","IND","L",103,104,39,96,0.406,10,31,0.323,15,21,0.714,15,52,24,11,6,11,14,0.210526315789474,"Knicks"
"325",24,"2019-12-10","POR","L",87,115,32,91,0.352,7,38,0.184,16,26,0.615,11,47,16,5,3,11,18,0.2,"Knicks"
"326",25,"2019-12-11","GSW","W",124,122,43,90,0.478,12,29,0.414,26,34,0.765,12,58,25,5,7,18,24,0.25,"Knicks"
"327",1,"2019-10-22","LAC","L",102,112,37,85,0.435,13,33,0.394,15,21,0.714,9,41,20,4,7,14,24,0,"Lakers"
"328",2,"2019-10-25","UTA","W",95,86,34,86,0.395,8,26,0.308,19,24,0.792,11,42,19,14,9,14,21,1,"Lakers"
"329",3,"2019-10-27","CHO","W",120,101,49,93,0.527,11,31,0.355,11,14,0.786,10,47,30,7,8,13,22,2,"Lakers"
"330",4,"2019-10-29","MEM","W",120,91,40,86,0.465,7,26,0.269,33,39,0.846,10,54,25,9,8,18,19,3,"Lakers"
"331",5,"2019-11-01","DAL","W",119,110,47,96,0.49,9,32,0.281,16,21,0.762,6,41,24,11,7,11,21,4,"Lakers"
"332",6,"2019-11-03","SAS","W",103,96,42,87,0.483,6,24,0.25,13,19,0.684,7,46,21,8,10,18,22,5,"Lakers"
"333",7,"2019-11-05","CHI","W",118,112,45,92,0.489,11,33,0.333,17,24,0.708,12,49,26,10,10,15,18,6,"Lakers"
"334",8,"2019-11-08","MIA","W",95,80,40,89,0.449,8,32,0.25,7,8,0.875,10,48,30,6,5,18,24,7,"Lakers"
"335",9,"2019-11-10","TOR","L",104,113,41,94,0.436,10,30,0.333,12,19,0.632,13,51,31,6,7,12,20,3.5,"Lakers"
"336",10,"2019-11-12","PHO","W",123,115,51,95,0.537,10,25,0.4,11,21,0.524,8,44,39,4,4,9,21,4,"Lakers"
"337",11,"2019-11-13","GSW","W",120,94,48,89,0.539,9,20,0.45,15,18,0.833,13,51,31,8,6,19,18,4.5,"Lakers"
"338",12,"2019-11-15","SAC","W",99,97,34,81,0.42,11,37,0.297,20,22,0.909,10,41,22,11,6,13,18,5,"Lakers"
"339",13,"2019-11-17","ATL","W",122,101,47,89,0.528,15,35,0.429,13,16,0.813,10,42,26,10,14,16,19,5.5,"Lakers"
"340",14,"2019-11-19","OKC","W",112,107,43,89,0.483,14,31,0.452,12,19,0.632,14,46,29,9,8,16,20,6,"Lakers"
"341",15,"2019-11-22","OKC","W",130,127,45,88,0.511,17,31,0.548,23,29,0.793,11,45,32,7,6,15,20,6.5,"Lakers"
"342",16,"2019-11-23","MEM","W",109,108,38,84,0.452,13,39,0.333,20,29,0.69,11,40,19,12,7,16,14,7,"Lakers"
"343",17,"2019-11-25","SAS","W",114,104,44,89,0.494,14,33,0.424,12,18,0.667,10,40,28,7,6,9,18,7.5,"Lakers"
"344",18,"2019-11-27","NOP","W",114,110,44,85,0.518,8,24,0.333,18,25,0.72,7,37,25,9,6,15,24,8,"Lakers"
"345",19,"2019-11-29","WAS","W",125,103,45,87,0.517,14,32,0.438,21,28,0.75,7,47,29,9,8,18,20,8.5,"Lakers"
"346",20,"2019-12-01","DAL","L",100,114,40,87,0.46,7,27,0.259,13,16,0.813,9,45,25,9,3,17,14,5.66666666666667,"Lakers"
"347",21,"2019-12-03","DEN","W",105,96,39,84,0.464,7,24,0.292,20,30,0.667,14,56,24,8,5,16,23,6,"Lakers"
"348",22,"2019-12-04","UTA","W",121,96,46,90,0.511,14,29,0.483,15,25,0.6,8,46,27,13,12,7,17,6.33333333333333,"Lakers"
"349",23,"2019-12-06","POR","W",136,113,46,85,0.541,17,36,0.472,27,33,0.818,3,45,26,10,8,16,23,6.66666666666667,"Lakers"
"350",24,"2019-12-08","MIN","W",142,125,55,94,0.585,14,31,0.452,18,20,0.9,10,41,32,9,1,10,19,7,"Lakers"
"351",25,"2019-12-11","ORL","W",96,87,37,87,0.425,12,31,0.387,10,19,0.526,12,49,20,10,4,13,17,7.33333333333333,"Lakers"
"352",1,"2019-10-23","CLE","W",94,85,37,86,0.43,9,30,0.3,11,19,0.579,7,46,24,12,4,13,18,NA,"Magic"
"353",2,"2019-10-26","ATL","L",99,103,35,99,0.354,5,31,0.161,24,26,0.923,17,46,15,8,7,10,15,1,"Magic"
"354",3,"2019-10-28","TOR","L",95,104,34,89,0.382,12,39,0.308,15,18,0.833,8,47,22,9,6,16,20,0.5,"Magic"
"355",4,"2019-10-30","NYK","W",95,83,37,88,0.42,12,32,0.375,9,12,0.75,14,52,24,5,6,7,17,1,"Magic"
"356",5,"2019-11-01","MIL","L",91,123,34,91,0.374,12,37,0.324,11,17,0.647,10,40,21,8,3,16,16,0.666666666666667,"Magic"
"357",6,"2019-11-02","DEN","L",87,91,37,86,0.43,6,29,0.207,7,11,0.636,10,47,22,8,7,15,25,0.5,"Magic"
"358",7,"2019-11-05","OKC","L",94,102,32,82,0.39,3,22,0.136,27,31,0.871,16,53,15,5,8,14,24,0.4,"Magic"
"359",8,"2019-11-06","DAL","L",106,107,39,80,0.488,6,24,0.25,22,28,0.786,10,44,25,14,10,18,30,0.333333333333333,"Magic"
"360",9,"2019-11-08","MEM","W",118,86,44,93,0.473,7,28,0.25,23,27,0.852,12,57,24,10,10,9,17,0.5,"Magic"
"361",10,"2019-11-10","IND","L",102,109,41,89,0.461,15,36,0.417,5,6,0.833,7,37,27,5,11,10,10,0.428571428571429,"Magic"
"362",11,"2019-11-13","PHI","W",112,97,38,86,0.442,10,32,0.313,26,34,0.765,9,48,27,6,2,13,22,0.571428571428571,"Magic"
"363",12,"2019-11-15","SAS","W",111,109,36,87,0.414,12,29,0.414,27,34,0.794,14,48,22,6,5,10,13,0.714285714285714,"Magic"
"364",13,"2019-11-17","WAS","W",125,121,43,87,0.494,15,38,0.395,24,26,0.923,11,52,25,5,3,14,15,0.857142857142857,"Magic"
"365",14,"2019-11-20","TOR","L",97,113,35,91,0.385,9,32,0.281,18,28,0.643,16,43,26,9,8,11,16,0.75,"Magic"
"366",15,"2019-11-23","IND","L",106,111,43,92,0.467,13,31,0.419,7,9,0.778,7,33,24,11,5,13,16,0.666666666666667,"Magic"
"367",16,"2019-11-25","DET","L",88,103,32,84,0.381,8,25,0.32,16,22,0.727,8,41,15,8,7,9,21,0.6,"Magic"
"368",17,"2019-11-27","CLE","W",116,104,45,93,0.484,12,33,0.364,14,17,0.824,6,34,23,13,6,11,22,0.7,"Magic"
"369",18,"2019-11-29","TOR","L",83,90,27,78,0.346,7,29,0.241,22,27,0.815,13,52,17,10,11,22,19,0.636363636363636,"Magic"
"370",19,"2019-12-01","GSW","W",100,96,37,87,0.425,11,33,0.333,15,22,0.682,12,48,21,7,8,12,20,0.727272727272727,"Magic"
"371",20,"2019-12-03","WAS","W",127,120,46,90,0.511,15,31,0.484,20,27,0.741,8,48,26,3,4,13,18,0.818181818181818,"Magic"
"372",21,"2019-12-04","PHO","W",128,114,49,85,0.576,14,25,0.56,16,20,0.8,11,45,27,9,7,19,19,0.909090909090909,"Magic"
"373",22,"2019-12-06","CLE","W",93,87,32,82,0.39,9,26,0.346,20,23,0.87,10,43,19,10,9,17,13,1,"Magic"
"374",23,"2019-12-09","MIL","L",101,110,35,92,0.38,10,31,0.323,21,26,0.808,9,44,24,8,10,12,18,0.916666666666667,"Magic"
"375",24,"2019-12-11","LAL","L",87,96,34,81,0.42,8,26,0.308,11,17,0.647,8,41,20,10,5,14,17,0.846153846153846,"Magic"
"376",1,"2019-10-23","WAS","W",108,100,35,76,0.461,11,36,0.306,27,33,0.818,5,46,17,6,5,19,22,NA,"Mavericks"
"377",2,"2019-10-25","NOP","W",123,116,45,93,0.484,14,40,0.35,19,26,0.731,12,49,23,8,7,11,19,NA,"Mavericks"
"378",3,"2019-10-27","POR","L",119,121,37,94,0.394,13,50,0.26,32,41,0.78,12,46,27,7,3,11,22,2,"Mavericks"
"379",4,"2019-10-29","DEN","W",109,106,41,84,0.488,13,37,0.351,14,24,0.583,10,42,29,6,5,8,14,3,"Mavericks"
"380",5,"2019-11-01","LAL","L",110,119,40,102,0.392,14,36,0.389,16,23,0.696,18,61,23,5,1,22,21,1.5,"Mavericks"
"381",6,"2019-11-03","CLE","W",131,111,50,94,0.532,20,41,0.488,11,13,0.846,11,51,34,5,6,13,21,2,"Mavericks"
"382",7,"2019-11-06","ORL","W",107,106,36,84,0.429,11,31,0.355,24,30,0.8,12,43,20,4,1,17,23,2.5,"Mavericks"
"383",8,"2019-11-08","NYK","L",102,106,37,90,0.411,14,44,0.318,14,17,0.824,7,47,18,4,6,13,21,1.66666666666667,"Mavericks"
"384",9,"2019-11-09","MEM","W",138,122,52,97,0.536,18,42,0.429,16,20,0.8,12,47,27,8,5,14,14,2,"Mavericks"
"385",10,"2019-11-11","BOS","L",106,116,37,89,0.416,11,42,0.262,21,28,0.75,13,46,22,2,5,6,26,1.5,"Mavericks"
"386",11,"2019-11-14","NYK","L",103,106,36,84,0.429,8,36,0.222,23,31,0.742,12,44,21,8,7,11,16,1.2,"Mavericks"
"387",12,"2019-11-16","TOR","W",110,102,37,88,0.42,9,39,0.231,27,33,0.818,12,55,24,7,4,12,15,1.4,"Mavericks"
"388",13,"2019-11-18","SAS","W",117,110,42,84,0.5,17,41,0.415,16,23,0.696,9,41,28,4,3,13,19,1.6,"Mavericks"
"389",14,"2019-11-20","GSW","W",142,94,51,90,0.567,22,38,0.579,18,23,0.783,8,50,33,7,7,11,21,1.8,"Mavericks"
"390",15,"2019-11-22","CLE","W",143,101,58,100,0.58,20,37,0.541,7,9,0.778,10,49,31,8,7,5,18,2,"Mavericks"
"391",16,"2019-11-24","HOU","W",137,123,49,102,0.48,17,44,0.386,22,28,0.786,12,46,28,9,5,12,22,2.2,"Mavericks"
"392",17,"2019-11-26","LAC","L",99,114,30,79,0.38,11,38,0.289,28,35,0.8,9,46,16,12,2,20,21,1.83333333333333,"Mavericks"
"393",18,"2019-11-29","PHO","W",120,113,35,85,0.412,17,47,0.362,33,38,0.868,9,47,20,7,3,8,24,2,"Mavericks"
"394",19,"2019-12-01","LAL","W",114,100,42,97,0.433,17,49,0.347,13,18,0.722,16,51,24,11,1,13,20,2.16666666666667,"Mavericks"
"395",20,"2019-12-03","NOP","W",118,97,38,88,0.432,19,45,0.422,23,27,0.852,10,51,22,5,8,10,14,2.33333333333333,"Mavericks"
"396",21,"2019-12-04","MIN","W",121,114,46,92,0.5,11,37,0.297,18,23,0.783,13,45,24,5,5,8,16,2.5,"Mavericks"
"397",22,"2019-12-07","NOP","W",130,84,46,86,0.535,13,38,0.342,25,31,0.806,8,55,25,8,4,12,17,2.66666666666667,"Mavericks"
"398",23,"2019-12-08","SAC","L",106,110,41,86,0.477,17,44,0.386,7,8,0.875,10,40,24,3,1,12,11,2.28571428571429,"Mavericks"
"399",24,"2019-12-12","DET","W",122,111,45,88,0.511,16,44,0.364,16,23,0.696,11,52,25,4,5,11,21,2.42857142857143,"Mavericks"
"400",1,"2019-10-23","MIN","L",126,127,48,101,0.475,15,34,0.441,15,26,0.577,10,48,19,8,9,16,30,0,"Nets"
"401",2,"2019-10-25","NYK","W",113,109,37,78,0.474,16,37,0.432,23,34,0.676,11,46,21,11,2,26,26,1,"Nets"
"402",3,"2019-10-27","MEM","L",133,134,44,101,0.436,15,45,0.333,30,37,0.811,11,53,28,6,5,17,22,0.5,"Nets"
"403",4,"2019-10-30","IND","L",108,118,41,93,0.441,10,31,0.323,16,26,0.615,18,54,21,6,5,19,19,0.333333333333333,"Nets"
"404",5,"2019-11-01","HOU","W",123,116,42,85,0.494,19,32,0.594,20,28,0.714,10,55,26,8,7,20,21,0.666666666666667,"Nets"
"405",6,"2019-11-02","DET","L",109,113,43,93,0.462,10,32,0.313,13,17,0.765,10,48,24,4,4,14,24,0.5,"Nets"
"406",7,"2019-11-04","NOP","W",135,125,49,92,0.533,16,41,0.39,21,28,0.75,12,45,32,13,3,23,18,0.75,"Nets"
"407",8,"2019-11-08","POR","W",119,115,41,99,0.414,16,37,0.432,21,30,0.7,16,51,18,6,9,9,25,1,"Nets"
"408",9,"2019-11-10","PHO","L",112,138,44,91,0.484,8,34,0.235,16,17,0.941,5,43,27,4,2,17,24,0.8,"Nets"
"409",10,"2019-11-12","UTA","L",114,119,41,90,0.456,11,37,0.297,21,25,0.84,10,43,19,5,8,16,29,0.666666666666667,"Nets"
"410",11,"2019-11-14","DEN","L",93,101,36,95,0.379,8,38,0.211,13,16,0.813,7,51,19,3,2,7,14,0.571428571428571,"Nets"
"411",12,"2019-11-16","CHI","W",117,111,40,88,0.455,10,43,0.233,27,31,0.871,5,40,30,10,9,15,30,0.714285714285714,"Nets"
"412",13,"2019-11-18","IND","L",86,115,30,84,0.357,11,34,0.324,15,24,0.625,4,40,18,2,7,9,19,0.625,"Nets"
"413",14,"2019-11-20","CHO","W",101,91,36,90,0.4,10,39,0.256,19,23,0.826,13,53,19,11,1,15,21,0.75,"Nets"
"414",15,"2019-11-22","SAC","W",116,97,41,81,0.506,12,34,0.353,22,31,0.71,13,48,22,9,3,18,18,0.875,"Nets"
"415",16,"2019-11-24","NYK","W",103,101,31,77,0.403,14,38,0.368,27,34,0.794,7,35,18,6,1,11,16,1,"Nets"
"416",17,"2019-11-25","CLE","W",108,106,44,94,0.468,11,34,0.324,9,11,0.818,12,48,29,8,10,9,21,1.125,"Nets"
"417",18,"2019-11-27","BOS","L",110,121,40,90,0.444,21,56,0.375,9,19,0.474,11,38,32,5,6,15,22,1,"Nets"
"418",19,"2019-11-29","BOS","W",112,107,43,93,0.462,17,41,0.415,9,13,0.692,13,49,30,9,6,18,24,1.11111111111111,"Nets"
"419",20,"2019-12-01","MIA","L",106,109,40,91,0.44,14,42,0.333,12,16,0.75,9,48,24,3,5,12,21,1,"Nets"
"420",21,"2019-12-04","ATL","W",130,118,50,101,0.495,14,31,0.452,16,18,0.889,18,53,26,8,6,15,20,1.1,"Nets"
"421",22,"2019-12-06","CHO","W",111,104,42,88,0.477,15,38,0.395,12,15,0.8,15,49,35,12,5,16,21,1.2,"Nets"
"422",23,"2019-12-08","DEN","W",105,102,40,87,0.46,7,28,0.25,18,23,0.783,10,48,25,5,1,11,15,1.3,"Nets"
"423",24,"2019-12-11","CHO","L",108,113,38,88,0.432,10,38,0.263,22,33,0.667,17,52,20,5,3,12,21,1.18181818181818,"Nets"
"424",1,"2019-10-23","POR","W",108,100,34,81,0.42,18,32,0.563,22,27,0.815,11,45,24,11,4,19,23,NA,"Nuggets"
"425",2,"2019-10-25","PHO","W",108,107,36,92,0.391,7,27,0.259,29,36,0.806,8,45,21,7,12,14,26,NA,"Nuggets"
"426",3,"2019-10-28","SAC","W",101,94,36,98,0.367,10,36,0.278,19,21,0.905,19,54,19,8,5,10,18,NA,"Nuggets"
"427",4,"2019-10-29","DAL","L",106,109,43,91,0.473,11,32,0.344,9,13,0.692,14,50,24,6,1,10,24,3,"Nuggets"
"428",5,"2019-10-31","NOP","L",107,122,43,89,0.483,7,26,0.269,14,16,0.875,5,35,24,5,3,14,24,1.5,"Nuggets"
"429",6,"2019-11-02","ORL","W",91,87,27,73,0.37,9,28,0.321,28,39,0.718,7,41,15,8,3,13,14,2,"Nuggets"
"430",7,"2019-11-05","MIA","W",109,89,45,86,0.523,9,23,0.391,10,16,0.625,9,47,35,10,3,19,21,2.5,"Nuggets"
"431",8,"2019-11-08","PHI","W",100,97,39,87,0.448,9,22,0.409,13,17,0.765,7,41,28,10,11,10,16,3,"Nuggets"
"432",9,"2019-11-10","MIN","W",100,98,39,101,0.386,11,28,0.393,11,17,0.647,14,57,26,6,4,20,30,3.5,"Nuggets"
"433",10,"2019-11-12","ATL","L",121,125,46,104,0.442,11,41,0.268,18,22,0.818,15,40,31,7,5,3,24,2.33333333333333,"Nuggets"
"434",11,"2019-11-14","BRK","W",101,93,43,101,0.426,10,33,0.303,5,10,0.5,14,62,26,4,3,7,14,2.66666666666667,"Nuggets"
"435",12,"2019-11-17","MEM","W",131,114,49,89,0.551,18,32,0.563,15,23,0.652,6,39,36,10,10,12,24,3,"Nuggets"
"436",13,"2019-11-20","HOU","W",105,95,44,94,0.468,9,27,0.333,8,15,0.533,15,48,29,13,4,14,21,3.33333333333333,"Nuggets"
"437",14,"2019-11-22","BOS","W",96,92,39,88,0.443,7,28,0.25,11,13,0.846,11,48,24,7,5,17,17,3.66666666666667,"Nuggets"
"438",15,"2019-11-24","PHO","W",116,104,43,91,0.473,14,31,0.452,16,23,0.696,19,52,24,4,2,10,16,4,"Nuggets"
"439",16,"2019-11-26","WAS","W",117,104,47,90,0.522,6,24,0.25,17,23,0.739,10,58,31,8,6,20,20,4.33333333333333,"Nuggets"
"440",17,"2019-11-30","SAC","L",97,100,36,87,0.414,11,32,0.344,14,21,0.667,9,48,23,11,5,16,21,3.25,"Nuggets"
"441",18,"2019-12-03","LAL","L",96,105,37,91,0.407,6,29,0.207,16,17,0.941,7,35,26,9,4,11,25,2.6,"Nuggets"
"442",19,"2019-12-05","NYK","W",129,92,49,87,0.563,21,39,0.538,10,18,0.556,9,48,38,8,5,13,19,2.8,"Nuggets"
"443",20,"2019-12-06","BOS","L",95,108,39,94,0.415,5,30,0.167,12,15,0.8,12,41,18,5,4,12,15,2.33333333333333,"Nuggets"
"444",21,"2019-12-08","BRK","L",102,105,36,89,0.404,18,42,0.429,12,14,0.857,7,37,25,4,5,12,23,2,"Nuggets"
"445",22,"2019-12-10","PHI","L",92,97,37,85,0.435,7,27,0.259,11,12,0.917,5,38,29,12,9,13,14,1.75,"Nuggets"
"446",23,"2019-12-12","POR","W",114,99,42,88,0.477,18,36,0.5,12,19,0.632,15,48,25,6,2,10,13,1.875,"Nuggets"
"447",1,"2019-10-23","DET","L",110,119,41,89,0.461,8,21,0.381,20,24,0.833,10,36,26,8,6,15,28,0,"Pacers"
"448",2,"2019-10-26","CLE","L",99,110,39,87,0.448,10,28,0.357,11,13,0.846,6,36,23,7,3,17,25,0,"Pacers"
"449",3,"2019-10-28","DET","L",94,96,39,94,0.415,6,21,0.286,10,13,0.769,13,45,24,11,4,7,18,0,"Pacers"
"450",4,"2019-10-30","BRK","W",118,108,45,96,0.469,11,26,0.423,17,20,0.85,11,41,25,9,2,9,24,0.333333333333333,"Pacers"
"451",5,"2019-11-01","CLE","W",102,95,39,96,0.406,5,27,0.185,19,21,0.905,13,58,20,8,10,13,24,0.666666666666667,"Pacers"
"452",6,"2019-11-03","CHI","W",108,95,40,85,0.471,8,26,0.308,20,27,0.741,10,49,28,6,10,16,24,1,"Pacers"
"453",7,"2019-11-05","CHO","L",120,122,51,94,0.543,12,30,0.4,6,7,0.857,7,43,27,5,7,18,34,0.75,"Pacers"
"454",8,"2019-11-06","WAS","W",121,106,44,94,0.468,12,30,0.4,21,26,0.808,13,48,35,8,3,13,25,1,"Pacers"
"455",9,"2019-11-08","DET","W",112,106,43,83,0.518,4,15,0.267,22,25,0.88,10,44,23,6,8,12,16,1.25,"Pacers"
"456",10,"2019-11-10","ORL","W",109,102,48,91,0.527,9,20,0.45,4,5,0.8,10,43,31,6,3,9,13,1.5,"Pacers"
"457",11,"2019-11-12","OKC","W",111,85,46,94,0.489,7,23,0.304,12,13,0.923,11,50,21,6,4,14,20,1.75,"Pacers"
"458",12,"2019-11-15","HOU","L",102,111,37,82,0.451,8,33,0.242,20,26,0.769,8,42,24,2,2,16,25,1.4,"Pacers"
"459",13,"2019-11-16","MIL","L",83,102,32,100,0.32,12,34,0.353,7,9,0.778,14,54,19,8,7,13,10,1.16666666666667,"Pacers"
"460",14,"2019-11-18","BRK","W",115,86,44,101,0.436,14,33,0.424,13,17,0.765,15,63,26,5,8,10,22,1.33333333333333,"Pacers"
"461",15,"2019-11-23","ORL","W",111,106,43,79,0.544,10,24,0.417,15,16,0.938,7,42,26,6,6,19,14,1.5,"Pacers"
"462",16,"2019-11-25","MEM","W",126,114,51,94,0.543,18,33,0.545,6,10,0.6,10,47,29,6,6,13,11,1.66666666666667,"Pacers"
"463",17,"2019-11-27","UTA","W",121,102,50,96,0.521,8,22,0.364,13,16,0.813,11,42,23,8,4,12,19,1.83333333333333,"Pacers"
"464",18,"2019-11-29","ATL","W",105,104,39,92,0.424,6,26,0.231,21,28,0.75,9,42,19,12,6,15,20,2,"Pacers"
"465",19,"2019-11-30","PHI","L",116,119,42,76,0.553,11,22,0.5,21,25,0.84,3,31,22,7,3,19,24,1.71428571428571,"Pacers"
"466",20,"2019-12-02","MEM","W",117,104,44,88,0.5,16,38,0.421,13,15,0.867,8,44,31,4,2,15,22,1.85714285714286,"Pacers"
"467",21,"2019-12-04","OKC","W",107,100,42,87,0.483,9,24,0.375,14,17,0.824,11,39,19,5,1,8,21,2,"Pacers"
"468",22,"2019-12-06","DET","L",101,108,38,83,0.458,9,24,0.375,16,20,0.8,5,33,24,8,9,11,18,1.75,"Pacers"
"469",23,"2019-12-07","NYK","W",104,103,41,85,0.482,12,28,0.429,10,13,0.769,5,42,26,7,9,16,17,1.875,"Pacers"
"470",24,"2019-12-09","LAC","L",99,110,34,97,0.351,10,35,0.286,21,28,0.75,14,55,16,7,3,13,21,1.66666666666667,"Pacers"
"471",25,"2019-12-11","BOS","W",122,117,41,85,0.482,10,25,0.4,30,36,0.833,5,36,27,11,4,10,18,1.77777777777778,"Pacers"
"472",1,"2019-10-22","TOR","L",122,130,43,102,0.422,19,45,0.422,17,20,0.85,16,53,30,4,9,19,34,0,"Pelicans"
"473",2,"2019-10-25","DAL","L",116,123,45,98,0.459,15,41,0.366,11,15,0.733,12,48,30,6,3,14,22,0,"Pelicans"
"474",3,"2019-10-26","HOU","L",123,126,46,100,0.46,18,50,0.36,13,16,0.813,9,42,27,9,2,17,30,0,"Pelicans"
"475",4,"2019-10-28","GSW","L",123,134,48,103,0.466,15,47,0.319,12,22,0.545,11,41,36,13,7,15,20,0,"Pelicans"
"476",5,"2019-10-31","DEN","W",122,107,41,77,0.532,15,33,0.455,25,32,0.781,2,37,30,7,4,15,21,0.25,"Pelicans"
"477",6,"2019-11-02","OKC","L",104,115,40,94,0.426,11,32,0.344,13,22,0.591,17,56,25,7,5,16,25,0.2,"Pelicans"
"478",7,"2019-11-04","BRK","L",125,135,48,97,0.495,13,32,0.406,16,21,0.762,10,39,18,16,5,21,26,0.166666666666667,"Pelicans"
"479",8,"2019-11-08","TOR","L",104,122,40,99,0.404,10,41,0.244,14,21,0.667,14,53,21,7,6,18,23,0.142857142857143,"Pelicans"
"480",9,"2019-11-09","CHO","W",115,110,40,75,0.533,14,33,0.424,21,30,0.7,9,45,25,13,6,26,28,0.285714285714286,"Pelicans"
"481",10,"2019-11-11","HOU","L",116,122,41,95,0.432,14,45,0.311,20,27,0.741,12,46,26,8,3,16,23,0.25,"Pelicans"
"482",11,"2019-11-14","LAC","W",132,127,47,98,0.48,18,34,0.529,20,29,0.69,18,51,26,11,5,14,25,0.375,"Pelicans"
"483",12,"2019-11-16","MIA","L",94,109,37,82,0.451,16,35,0.457,4,6,0.667,7,31,23,10,2,18,16,0.333333333333333,"Pelicans"
"484",13,"2019-11-17","GSW","W",108,100,37,89,0.416,18,46,0.391,16,20,0.8,11,48,24,3,5,13,21,0.444444444444444,"Pelicans"
"485",14,"2019-11-19","POR","W",115,104,41,93,0.441,13,36,0.361,20,24,0.833,16,53,24,10,5,13,15,0.555555555555556,"Pelicans"
"486",15,"2019-11-21","PHO","W",124,121,47,88,0.534,16,35,0.457,14,22,0.636,8,44,28,8,6,17,25,0.666666666666667,"Pelicans"
"487",16,"2019-11-23","UTA","L",120,128,42,101,0.416,17,41,0.415,19,20,0.95,9,38,21,7,6,10,24,0.6,"Pelicans"
"488",17,"2019-11-24","LAC","L",109,134,43,98,0.439,13,41,0.317,10,18,0.556,12,45,26,1,6,9,26,0.545454545454545,"Pelicans"
"489",18,"2019-11-27","LAL","L",110,114,34,84,0.405,17,40,0.425,25,30,0.833,13,42,20,7,4,19,23,0.5,"Pelicans"
"490",19,"2019-11-29","OKC","L",104,109,39,87,0.448,11,38,0.289,15,21,0.714,7,44,19,8,3,13,12,0.461538461538462,"Pelicans"
"491",20,"2019-12-01","OKC","L",104,107,39,87,0.448,17,38,0.447,9,10,0.9,3,41,22,6,7,11,22,0.428571428571429,"Pelicans"
"492",21,"2019-12-03","DAL","L",97,118,38,94,0.404,11,41,0.268,10,15,0.667,9,47,20,4,4,11,19,0.4,"Pelicans"
"493",22,"2019-12-05","PHO","L",132,139,44,87,0.506,17,41,0.415,27,35,0.771,6,40,27,13,9,23,29,0.375,"Pelicans"
"494",23,"2019-12-07","DAL","L",84,130,32,89,0.36,3,32,0.094,17,21,0.81,8,34,17,4,2,14,23,0.352941176470588,"Pelicans"
"495",24,"2019-12-09","DET","L",103,105,40,91,0.44,8,38,0.211,15,22,0.682,10,45,24,6,1,12,22,0.333333333333333,"Pelicans"
"496",25,"2019-12-11","MIL","L",112,127,39,88,0.443,16,45,0.356,18,22,0.818,7,42,29,8,5,21,17,0.315789473684211,"Pelicans"
"497",1,"2019-10-23","IND","W",119,110,41,78,0.526,11,24,0.458,26,33,0.788,10,45,26,5,6,18,21,NA,"Pistons"
"498",2,"2019-10-24","ATL","L",100,117,35,85,0.412,10,37,0.27,20,22,0.909,9,39,20,6,5,13,20,1,"Pistons"
"499",3,"2019-10-26","PHI","L",111,117,41,76,0.539,8,19,0.421,21,36,0.583,5,35,20,11,7,23,28,0.5,"Pistons"
"500",4,"2019-10-28","IND","W",96,94,37,81,0.457,13,24,0.542,9,10,0.9,9,48,21,2,3,20,18,1,"Pistons"
"501",5,"2019-10-30","TOR","L",113,125,41,88,0.466,14,30,0.467,17,23,0.739,11,42,30,5,1,20,15,0.666666666666667,"Pistons"
"502",6,"2019-11-01","CHI","L",106,112,41,85,0.482,6,29,0.207,18,24,0.75,10,47,21,11,8,16,21,0.5,"Pistons"
"503",7,"2019-11-02","BRK","W",113,109,41,91,0.451,8,27,0.296,23,29,0.793,5,41,21,8,7,8,18,0.75,"Pistons"
"504",8,"2019-11-04","WAS","L",99,115,34,82,0.415,13,27,0.481,18,23,0.783,13,42,21,4,9,19,20,0.6,"Pistons"
"505",9,"2019-11-06","NYK","W",122,102,44,79,0.557,15,30,0.5,19,24,0.792,8,43,37,7,1,16,17,0.8,"Pistons"
"506",10,"2019-11-08","IND","L",106,112,39,86,0.453,13,33,0.394,15,18,0.833,10,40,27,6,4,15,26,0.666666666666667,"Pistons"
"507",11,"2019-11-11","MIN","L",114,120,39,87,0.448,16,32,0.5,20,25,0.8,12,39,25,9,5,17,22,0.571428571428571,"Pistons"
"508",12,"2019-11-12","MIA","L",108,117,34,78,0.436,15,41,0.366,25,37,0.676,8,32,27,9,9,16,28,0.5,"Pistons"
"509",13,"2019-11-15","CHO","L",106,109,40,81,0.494,15,35,0.429,11,11,1,7,42,25,3,3,19,19,0.444444444444444,"Pistons"
"510",14,"2019-11-20","CHI","L",89,109,28,83,0.337,8,33,0.242,25,32,0.781,12,46,23,6,8,16,20,0.4,"Pistons"
"511",15,"2019-11-22","ATL","W",128,103,49,82,0.598,17,34,0.5,13,20,0.65,12,42,30,13,10,18,17,0.5,"Pistons"
"512",16,"2019-11-23","MIL","L",90,104,37,91,0.407,10,35,0.286,6,10,0.6,6,40,22,7,3,15,18,0.454545454545455,"Pistons"
"513",17,"2019-11-25","ORL","W",103,88,34,79,0.43,14,38,0.368,21,25,0.84,9,49,23,6,5,13,20,0.545454545454545,"Pistons"
"514",18,"2019-11-27","CHO","L",101,102,41,88,0.466,10,32,0.313,9,15,0.6,9,46,23,2,2,8,18,0.5,"Pistons"
"515",19,"2019-11-29","CHO","L",107,110,41,83,0.494,15,35,0.429,10,20,0.5,14,45,27,5,4,13,16,0.461538461538462,"Pistons"
"516",20,"2019-12-01","SAS","W",132,98,52,88,0.591,15,31,0.484,13,18,0.722,11,50,33,5,5,15,14,0.538461538461538,"Pistons"
"517",21,"2019-12-03","CLE","W",127,94,51,94,0.543,18,35,0.514,7,11,0.636,10,46,33,11,7,10,16,0.615384615384615,"Pistons"
"518",22,"2019-12-04","MIL","L",103,127,39,93,0.419,11,36,0.306,14,22,0.636,9,40,25,5,3,11,19,0.571428571428571,"Pistons"
"519",23,"2019-12-06","IND","W",108,101,39,87,0.448,11,25,0.44,19,26,0.731,14,51,21,7,5,17,17,0.642857142857143,"Pistons"
"520",24,"2019-12-09","NOP","W",105,103,36,85,0.424,11,35,0.314,22,27,0.815,10,46,15,6,3,18,20,0.714285714285714,"Pistons"
"521",25,"2019-12-12","DAL","L",111,122,40,89,0.449,15,42,0.357,16,23,0.696,5,34,23,8,2,7,16,0.666666666666667,"Pistons"
"522",1,"2019-10-22","NOP","W",130,122,42,103,0.408,14,40,0.35,32,38,0.842,16,57,23,7,3,16,24,NA,"Raptors"
"523",2,"2019-10-25","BOS","L",106,112,37,78,0.474,18,36,0.5,14,17,0.824,5,46,22,2,6,23,28,1,"Raptors"
"524",3,"2019-10-26","CHI","W",108,84,38,82,0.463,15,42,0.357,17,18,0.944,10,59,27,9,12,22,25,2,"Raptors"
"525",4,"2019-10-28","ORL","W",104,95,33,85,0.388,10,39,0.256,28,30,0.933,6,52,19,9,2,16,20,3,"Raptors"
"526",5,"2019-10-30","DET","W",125,113,51,86,0.593,13,27,0.481,10,12,0.833,3,34,30,12,2,14,22,4,"Raptors"
"527",6,"2019-11-02","MIL","L",105,115,34,84,0.405,15,36,0.417,22,25,0.88,7,42,24,5,6,13,22,2,"Raptors"
"528",7,"2019-11-06","SAC","W",124,120,43,78,0.551,14,29,0.483,24,29,0.828,2,37,28,10,4,14,20,2.5,"Raptors"
"529",8,"2019-11-08","NOP","W",122,104,41,93,0.441,19,43,0.442,21,24,0.875,10,53,27,9,3,17,24,3,"Raptors"
"530",9,"2019-11-10","LAL","W",113,104,43,89,0.483,12,36,0.333,15,22,0.682,7,43,26,6,8,13,17,3.5,"Raptors"
"531",10,"2019-11-11","LAC","L",88,98,34,85,0.4,11,30,0.367,9,15,0.6,5,38,25,9,8,15,24,2.33333333333333,"Raptors"
"532",11,"2019-11-13","POR","W",114,106,42,92,0.457,14,32,0.438,16,17,0.941,14,50,20,4,9,12,20,2.66666666666667,"Raptors"
"533",12,"2019-11-16","DAL","L",102,110,37,89,0.416,17,41,0.415,11,15,0.733,7,42,21,7,2,14,20,2,"Raptors"
"534",13,"2019-11-18","CHO","W",132,96,50,97,0.515,20,43,0.465,12,15,0.8,16,53,40,13,2,10,25,2.25,"Raptors"
"535",14,"2019-11-20","ORL","W",113,97,45,87,0.517,9,27,0.333,14,19,0.737,10,47,26,5,5,11,21,2.5,"Raptors"
"536",15,"2019-11-23","ATL","W",119,116,40,88,0.455,13,37,0.351,26,30,0.867,12,42,22,5,5,15,16,2.75,"Raptors"
"537",16,"2019-11-25","PHI","W",101,96,38,84,0.452,11,34,0.324,14,22,0.636,8,40,27,5,5,10,18,3,"Raptors"
"538",17,"2019-11-27","NYK","W",126,98,46,94,0.489,21,41,0.512,13,17,0.765,17,52,26,6,4,12,18,3.25,"Raptors"
"539",18,"2019-11-29","ORL","W",90,83,31,84,0.369,11,38,0.289,17,28,0.607,11,46,21,16,4,13,20,3.5,"Raptors"
"540",19,"2019-12-01","UTA","W",130,110,47,90,0.522,19,36,0.528,17,21,0.81,7,43,36,14,8,14,24,3.75,"Raptors"
"541",20,"2019-12-03","MIA","L",110,121,35,91,0.385,11,43,0.256,29,36,0.806,9,48,25,5,4,11,20,3,"Raptors"
"542",21,"2019-12-05","HOU","L",109,119,38,88,0.432,12,39,0.308,21,24,0.875,12,45,27,14,5,17,21,2.5,"Raptors"
"543",22,"2019-12-08","PHI","L",104,110,38,88,0.432,11,33,0.333,17,20,0.85,13,42,21,13,4,18,22,2.14285714285714,"Raptors"
"544",23,"2019-12-09","CHI","W",93,92,34,90,0.378,7,29,0.241,18,26,0.692,14,54,19,8,9,15,12,2.28571428571429,"Raptors"
"545",24,"2019-12-11","LAC","L",92,112,31,88,0.352,8,36,0.222,22,25,0.88,15,47,21,10,8,18,24,2,"Raptors"
"546",1,"2019-10-24","MIL","L",111,117,33,90,0.367,16,48,0.333,29,39,0.744,10,57,25,6,6,14,25,0,"Rockets"
"547",2,"2019-10-26","NOP","W",126,123,43,94,0.457,13,45,0.289,27,30,0.9,9,45,27,7,4,19,22,1,"Rockets"
"548",3,"2019-10-28","OKC","W",116,112,39,90,0.433,10,44,0.227,28,33,0.848,9,40,21,6,6,14,24,2,"Rockets"
"549",4,"2019-10-30","WAS","W",159,158,55,103,0.534,23,54,0.426,26,33,0.788,19,44,34,10,5,13,24,3,"Rockets"
"550",5,"2019-11-01","BRK","L",116,123,41,99,0.414,12,48,0.25,22,27,0.815,9,40,21,13,4,12,21,1.5,"Rockets"
"551",6,"2019-11-03","MIA","L",100,129,31,79,0.392,14,48,0.292,24,31,0.774,4,38,19,6,5,22,24,1,"Rockets"
"552",7,"2019-11-04","MEM","W",107,100,35,93,0.376,17,50,0.34,20,29,0.69,14,51,20,6,5,18,21,1.33333333333333,"Rockets"
"553",8,"2019-11-06","GSW","W",129,112,48,97,0.495,21,45,0.467,12,19,0.632,11,50,31,7,9,12,20,1.66666666666667,"Rockets"
"554",9,"2019-11-09","CHI","W",117,94,39,83,0.47,19,44,0.432,20,28,0.714,9,55,18,12,7,22,21,2,"Rockets"
"555",10,"2019-11-11","NOP","W",122,116,44,85,0.518,12,41,0.293,22,32,0.688,7,47,16,9,6,17,22,2.33333333333333,"Rockets"
"556",11,"2019-11-13","LAC","W",102,93,33,86,0.384,14,42,0.333,22,27,0.815,9,53,12,7,6,10,17,2.66666666666667,"Rockets"
"557",12,"2019-11-15","IND","W",111,102,36,89,0.404,14,46,0.304,25,29,0.862,10,44,12,11,3,8,23,3,"Rockets"
"558",13,"2019-11-16","MIN","W",125,105,43,94,0.457,19,49,0.388,20,22,0.909,14,42,15,7,3,12,18,3.33333333333333,"Rockets"
"559",14,"2019-11-18","POR","W",132,108,47,100,0.47,17,45,0.378,21,26,0.808,17,58,24,9,10,16,21,3.66666666666667,"Rockets"
"560",15,"2019-11-20","DEN","L",95,105,32,76,0.421,12,38,0.316,19,25,0.76,9,43,19,9,2,20,22,2.75,"Rockets"
"561",16,"2019-11-22","LAC","L",119,122,39,84,0.464,15,43,0.349,26,38,0.684,11,43,22,11,2,15,27,2.2,"Rockets"
"562",17,"2019-11-24","DAL","L",123,137,45,98,0.459,10,44,0.227,23,31,0.742,15,54,26,5,2,11,26,1.83333333333333,"Rockets"
"563",18,"2019-11-27","MIA","W",117,108,38,83,0.458,15,44,0.341,26,33,0.788,9,43,19,11,2,15,22,2,"Rockets"
"564",19,"2019-11-30","ATL","W",158,111,52,89,0.584,25,51,0.49,29,34,0.853,13,52,30,9,2,15,23,2.16666666666667,"Rockets"
"565",20,"2019-12-03","SAS","L",133,135,42,111,0.378,15,51,0.294,34,36,0.944,18,60,22,11,7,17,30,1.85714285714286,"Rockets"
"566",21,"2019-12-05","TOR","W",119,109,40,98,0.408,22,55,0.4,17,19,0.895,20,54,29,11,2,22,24,2,"Rockets"
"567",22,"2019-12-07","PHO","W",115,109,41,91,0.451,11,40,0.275,22,30,0.733,10,51,21,10,7,15,28,2.14285714285714,"Rockets"
"568",23,"2019-12-09","SAC","L",118,119,41,84,0.488,17,50,0.34,19,23,0.826,11,51,25,4,6,19,20,1.875,"Rockets"
"569",24,"2019-12-11","CLE","W",116,110,43,87,0.494,17,42,0.405,13,13,1,11,36,18,10,6,13,14,2,"Rockets"
"570",1,"2019-10-23","BOS","W",107,93,37,85,0.435,7,29,0.241,26,36,0.722,12,62,24,6,7,15,34,NA,"Sixers"
"571",2,"2019-10-26","DET","W",117,111,42,87,0.483,13,34,0.382,20,30,0.667,6,38,30,14,3,22,26,NA,"Sixers"
"572",3,"2019-10-28","ATL","W",105,103,37,88,0.42,11,41,0.268,20,25,0.8,12,49,22,12,11,21,29,NA,"Sixers"
"573",4,"2019-10-30","MIN","W",117,95,43,92,0.467,9,25,0.36,22,28,0.786,16,56,24,14,6,22,27,NA,"Sixers"
"574",5,"2019-11-02","POR","W",129,128,54,107,0.505,11,33,0.333,10,12,0.833,13,46,36,11,8,11,23,NA,"Sixers"
"575",6,"2019-11-04","PHO","L",109,114,42,89,0.472,13,29,0.448,12,20,0.6,9,38,21,11,2,20,29,5,"Sixers"
"576",7,"2019-11-06","UTA","L",104,106,33,80,0.413,8,25,0.32,30,34,0.882,7,42,20,9,3,14,20,2.5,"Sixers"
"577",8,"2019-11-08","DEN","L",97,100,38,86,0.442,13,26,0.5,8,17,0.471,11,49,28,8,8,17,19,1.66666666666667,"Sixers"
"578",9,"2019-11-10","CHO","W",114,106,46,84,0.548,10,28,0.357,12,16,0.75,10,49,29,9,5,20,16,2,"Sixers"
"579",10,"2019-11-12","CLE","W",98,97,40,89,0.449,8,38,0.211,10,13,0.769,11,46,24,8,8,14,20,2.33333333333333,"Sixers"
"580",11,"2019-11-13","ORL","L",97,112,40,91,0.44,8,30,0.267,9,13,0.692,8,47,25,5,5,15,27,1.75,"Sixers"
"581",12,"2019-11-15","OKC","L",119,127,45,90,0.5,14,32,0.438,15,22,0.682,13,43,24,6,0,14,32,1.4,"Sixers"
"582",13,"2019-11-17","CLE","W",114,95,46,84,0.548,9,23,0.391,13,17,0.765,4,44,33,6,11,13,22,1.6,"Sixers"
"583",14,"2019-11-20","NYK","W",109,104,39,89,0.438,13,32,0.406,18,26,0.692,10,44,30,5,5,10,14,1.8,"Sixers"
"584",15,"2019-11-22","SAS","W",115,104,46,89,0.517,10,26,0.385,13,19,0.684,13,51,32,8,4,15,21,2,"Sixers"
"585",16,"2019-11-23","MIA","W",113,86,42,83,0.506,14,29,0.483,15,17,0.882,8,44,28,11,2,14,27,2.2,"Sixers"
"586",17,"2019-11-25","TOR","L",96,101,36,88,0.409,15,40,0.375,9,16,0.563,14,51,25,7,3,16,20,1.83333333333333,"Sixers"
"587",18,"2019-11-27","SAC","W",97,91,36,77,0.468,5,26,0.192,20,24,0.833,7,49,20,8,10,17,12,2,"Sixers"
"588",19,"2019-11-29","NYK","W",101,95,31,72,0.431,7,26,0.269,32,40,0.8,8,46,22,5,10,16,23,2.16666666666667,"Sixers"
"589",20,"2019-11-30","IND","W",119,116,38,77,0.494,11,23,0.478,32,36,0.889,4,32,27,12,5,12,16,2.33333333333333,"Sixers"
"590",21,"2019-12-02","UTA","W",103,94,37,91,0.407,13,26,0.5,16,23,0.696,8,47,24,12,3,14,22,2.5,"Sixers"
"591",22,"2019-12-05","WAS","L",113,119,41,77,0.532,13,28,0.464,18,24,0.75,8,44,25,7,6,21,24,2.14285714285714,"Sixers"
"592",23,"2019-12-07","CLE","W",141,94,57,90,0.633,11,26,0.423,16,23,0.696,10,51,43,13,8,8,16,2.28571428571429,"Sixers"
"593",24,"2019-12-08","TOR","W",110,104,40,79,0.506,14,32,0.438,16,21,0.762,6,40,31,7,5,18,18,2.42857142857143,"Sixers"
"594",25,"2019-12-10","DEN","W",97,92,37,89,0.416,12,36,0.333,11,16,0.688,12,49,24,9,3,15,15,2.57142857142857,"Sixers"
"595",26,"2019-12-12","BOS","W",115,109,41,82,0.5,14,28,0.5,19,23,0.826,8,45,27,4,8,11,19,2.71428571428571,"Sixers"
"596",1,"2019-10-23","NYK","W",120,111,42,83,0.506,7,21,0.333,29,36,0.806,10,51,22,6,5,21,18,NA,"Spurs"
"597",2,"2019-10-26","WAS","W",124,122,50,108,0.463,10,28,0.357,14,17,0.824,21,53,29,6,7,9,19,NA,"Spurs"
"598",3,"2019-10-28","POR","W",113,110,41,85,0.482,7,22,0.318,24,32,0.75,7,50,25,5,9,18,19,NA,"Spurs"
"599",4,"2019-10-31","LAC","L",97,103,36,80,0.45,7,21,0.333,18,27,0.667,9,49,15,6,5,19,28,3,"Spurs"
"600",5,"2019-11-01","GSW","W",127,110,44,93,0.473,13,35,0.371,26,30,0.867,16,52,23,4,2,11,19,4,"Spurs"
"601",6,"2019-11-03","LAL","L",96,103,33,83,0.398,6,25,0.24,24,29,0.828,8,47,23,11,4,17,18,2,"Spurs"
"602",7,"2019-11-05","ATL","L",100,108,38,91,0.418,8,33,0.242,16,23,0.696,11,41,18,9,8,15,17,1.33333333333333,"Spurs"
"603",8,"2019-11-07","OKC","W",121,112,51,94,0.543,9,20,0.45,10,11,0.909,12,47,32,5,3,13,21,1.66666666666667,"Spurs"
"604",9,"2019-11-09","BOS","L",115,135,39,99,0.394,14,30,0.467,23,30,0.767,21,57,24,1,8,15,22,1.25,"Spurs"
"605",10,"2019-11-11","MEM","L",109,113,42,90,0.467,12,30,0.4,13,17,0.765,7,42,29,4,4,13,17,1,"Spurs"
"606",11,"2019-11-13","MIN","L",114,129,44,90,0.489,3,17,0.176,23,29,0.793,10,44,24,4,4,11,23,0.833333333333333,"Spurs"
"607",12,"2019-11-15","ORL","L",109,111,45,89,0.506,13,26,0.5,6,10,0.6,8,41,23,8,8,11,25,0.714285714285714,"Spurs"
"608",13,"2019-11-16","POR","L",116,121,41,88,0.466,5,18,0.278,29,34,0.853,7,43,25,8,7,10,17,0.625,"Spurs"
"609",14,"2019-11-18","DAL","L",110,117,44,96,0.458,8,24,0.333,14,16,0.875,17,48,18,6,2,9,18,0.555555555555556,"Spurs"
"610",15,"2019-11-20","WAS","L",132,138,49,93,0.527,12,32,0.375,22,29,0.759,12,41,32,8,8,12,13,0.5,"Spurs"
"611",16,"2019-11-22","PHI","L",104,115,43,85,0.506,6,18,0.333,12,16,0.75,3,32,21,6,3,11,15,0.454545454545455,"Spurs"
"612",17,"2019-11-23","NYK","W",111,104,40,75,0.533,12,23,0.522,19,28,0.679,9,47,26,7,3,22,17,0.545454545454545,"Spurs"
"613",18,"2019-11-25","LAL","L",104,114,41,88,0.466,10,25,0.4,12,15,0.8,9,41,23,4,5,13,22,0.5,"Spurs"
"614",19,"2019-11-27","MIN","L",101,113,41,97,0.423,5,29,0.172,14,17,0.824,8,46,25,4,8,6,18,0.461538461538462,"Spurs"
"615",20,"2019-11-29","LAC","W",107,97,40,93,0.43,14,36,0.389,13,14,0.929,8,48,28,8,8,9,15,0.538461538461538,"Spurs"
"616",21,"2019-12-01","DET","L",98,132,36,88,0.409,7,26,0.269,19,22,0.864,7,31,20,11,6,8,15,0.5,"Spurs"
"617",22,"2019-12-03","HOU","W",135,133,50,106,0.472,13,30,0.433,22,32,0.688,12,56,35,10,8,20,27,0.571428571428571,"Spurs"
"618",23,"2019-12-06","SAC","W",105,104,41,96,0.427,11,32,0.344,12,17,0.706,13,52,25,10,5,17,16,0.642857142857143,"Spurs"
"619",24,"2019-12-12","CLE","L",109,117,42,86,0.488,5,16,0.313,20,25,0.8,2,36,19,11,7,12,21,0.6,"Spurs"
"620",1,"2019-10-23","SAC","W",124,95,49,98,0.5,11,33,0.333,15,18,0.833,9,44,31,13,9,14,25,NA,"Suns"
"621",2,"2019-10-25","DEN","L",107,108,34,86,0.395,8,28,0.286,31,32,0.969,10,54,25,5,1,17,35,1,"Suns"
"622",3,"2019-10-26","LAC","W",130,122,43,86,0.5,17,43,0.395,27,34,0.794,9,49,32,9,3,16,34,2,"Suns"
"623",4,"2019-10-28","UTA","L",95,96,33,80,0.413,13,34,0.382,16,23,0.696,3,40,23,7,3,16,31,1,"Suns"
"624",5,"2019-10-30","GSW","W",121,110,44,96,0.458,15,36,0.417,18,21,0.857,13,45,33,12,4,16,22,1.5,"Suns"
"625",6,"2019-11-02","MEM","W",114,105,44,88,0.5,14,34,0.412,12,16,0.75,4,32,26,9,2,17,20,2,"Suns"
"626",7,"2019-11-04","PHI","W",114,109,41,77,0.532,11,28,0.393,21,27,0.778,5,40,24,6,5,19,24,2.5,"Suns"
"627",8,"2019-11-07","MIA","L",108,124,37,84,0.44,11,32,0.344,23,31,0.742,10,40,22,4,3,14,21,1.66666666666667,"Suns"
"628",9,"2019-11-10","BRK","W",138,112,52,99,0.525,19,42,0.452,15,19,0.789,5,42,37,8,7,7,17,2,"Suns"
"629",10,"2019-11-12","LAL","L",115,123,43,91,0.473,16,38,0.421,13,17,0.765,6,39,32,3,4,11,22,1.5,"Suns"
"630",11,"2019-11-14","ATL","W",128,112,41,85,0.482,15,39,0.385,31,38,0.816,7,39,32,6,2,20,24,1.75,"Suns"
"631",12,"2019-11-18","BOS","L",85,99,33,82,0.402,10,36,0.278,9,12,0.75,8,45,22,7,6,19,17,1.4,"Suns"
"632",13,"2019-11-19","SAC","L",116,120,38,89,0.427,12,36,0.333,28,34,0.824,14,39,24,11,4,10,20,1.16666666666667,"Suns"
"633",14,"2019-11-21","NOP","L",121,124,40,86,0.465,13,31,0.419,28,32,0.875,9,38,28,10,3,14,19,1,"Suns"
"634",15,"2019-11-23","MIN","W",100,98,33,96,0.344,10,35,0.286,24,26,0.923,12,56,22,9,3,7,17,1.14285714285714,"Suns"
"635",16,"2019-11-24","DEN","L",104,116,41,82,0.5,12,35,0.343,10,12,0.833,7,36,25,4,2,12,18,1,"Suns"
"636",17,"2019-11-27","WAS","L",132,140,48,93,0.516,15,38,0.395,21,24,0.875,12,40,29,7,6,15,21,0.888888888888889,"Suns"
"637",18,"2019-11-29","DAL","L",113,120,41,93,0.441,13,38,0.342,18,25,0.72,11,47,29,3,3,10,29,0.8,"Suns"
"638",19,"2019-12-02","CHO","W",109,104,39,88,0.443,9,42,0.214,22,30,0.733,9,37,30,12,7,7,21,0.9,"Suns"
"639",20,"2019-12-04","ORL","L",114,128,43,88,0.489,15,33,0.455,13,20,0.65,8,29,36,10,0,13,20,0.818181818181818,"Suns"
"640",21,"2019-12-05","NOP","W",139,132,50,106,0.472,14,36,0.389,25,27,0.926,19,51,30,16,6,18,29,0.909090909090909,"Suns"
"641",22,"2019-12-07","HOU","L",109,115,40,96,0.417,11,35,0.314,18,28,0.643,13,51,29,4,3,15,25,0.833333333333333,"Suns"
"642",23,"2019-12-09","MIN","W",125,109,47,95,0.495,16,40,0.4,15,19,0.789,12,42,31,5,5,9,23,0.916666666666667,"Suns"
"643",24,"2019-12-11","MEM","L",108,115,37,93,0.398,9,34,0.265,25,30,0.833,8,44,29,6,4,12,20,0.846153846153846,"Suns"
"644",1,"2019-10-23","UTA","L",95,100,32,83,0.386,10,27,0.37,21,31,0.677,7,48,15,5,4,13,23,0,"Thunder"
"645",2,"2019-10-25","WAS","L",85,97,33,83,0.398,5,23,0.217,14,22,0.636,7,49,14,7,6,18,18,0,"Thunder"
"646",3,"2019-10-27","GSW","W",120,92,44,78,0.564,15,32,0.469,17,22,0.773,8,50,24,8,5,23,26,0.5,"Thunder"
"647",4,"2019-10-28","HOU","L",112,116,41,94,0.436,13,35,0.371,17,24,0.708,16,52,22,7,3,13,27,0.333333333333333,"Thunder"
"648",5,"2019-10-30","POR","L",99,102,33,84,0.393,4,27,0.148,29,37,0.784,13,55,15,8,2,18,21,0.25,"Thunder"
"649",6,"2019-11-02","NOP","W",115,104,41,90,0.456,15,37,0.405,18,23,0.783,8,44,20,8,11,12,20,0.5,"Thunder"
"650",7,"2019-11-05","ORL","W",102,94,37,86,0.43,12,33,0.364,16,20,0.8,7,38,21,9,5,9,23,0.75,"Thunder"
"651",8,"2019-11-07","SAS","L",112,121,42,80,0.525,10,21,0.476,18,24,0.75,4,31,26,7,2,13,14,0.6,"Thunder"
"652",9,"2019-11-09","GSW","W",114,108,43,79,0.544,14,30,0.467,14,17,0.824,7,42,30,7,5,18,17,0.8,"Thunder"
"653",10,"2019-11-10","MIL","L",119,121,45,91,0.495,17,42,0.405,12,17,0.706,5,35,31,11,4,15,20,0.666666666666667,"Thunder"
"654",11,"2019-11-12","IND","L",85,111,29,82,0.354,6,25,0.24,21,24,0.875,9,40,19,9,4,15,16,0.571428571428571,"Thunder"
"655",12,"2019-11-15","PHI","W",127,119,41,76,0.539,10,24,0.417,35,41,0.854,6,36,22,7,3,13,23,0.714285714285714,"Thunder"
"656",13,"2019-11-18","LAC","L",88,90,28,75,0.373,7,27,0.259,25,28,0.893,9,45,17,12,4,17,19,0.625,"Thunder"
"657",14,"2019-11-19","LAL","L",107,112,38,80,0.475,9,28,0.321,22,25,0.88,8,39,22,10,2,15,22,0.555555555555556,"Thunder"
"658",15,"2019-11-22","LAL","L",127,130,49,93,0.527,11,31,0.355,18,20,0.9,6,37,28,8,3,11,23,0.5,"Thunder"
"659",16,"2019-11-25","GSW","W",100,97,40,85,0.471,11,32,0.344,9,11,0.818,9,43,26,5,13,15,16,0.6,"Thunder"
"660",17,"2019-11-27","POR","L",119,136,39,88,0.443,11,35,0.314,30,38,0.789,8,38,19,4,2,6,21,0.545454545454545,"Thunder"
"661",18,"2019-11-29","NOP","W",109,104,43,90,0.478,13,34,0.382,10,16,0.625,6,42,27,6,8,11,17,0.636363636363636,"Thunder"
"662",19,"2019-12-01","NOP","W",107,104,38,81,0.469,11,33,0.333,20,26,0.769,5,47,19,5,3,11,14,0.727272727272727,"Thunder"
"663",20,"2019-12-04","IND","L",100,107,41,84,0.488,9,26,0.346,9,10,0.9,8,37,25,3,5,11,19,0.666666666666667,"Thunder"
"664",21,"2019-12-06","MIN","W",139,127,49,88,0.557,5,18,0.278,36,40,0.9,9,39,19,8,9,10,20,0.75,"Thunder"
"665",22,"2019-12-08","POR","W",108,96,35,85,0.412,11,32,0.344,27,34,0.794,13,54,12,7,2,10,22,0.833333333333333,"Thunder"
"666",23,"2019-12-09","UTA","W",104,90,40,85,0.471,8,28,0.286,16,19,0.842,2,46,21,9,7,10,20,0.916666666666667,"Thunder"
"667",24,"2019-12-11","SAC","L",93,94,34,79,0.43,13,33,0.394,12,18,0.667,7,43,24,8,8,15,16,0.846153846153846,"Thunder"
"668",1,"2019-10-23","BRK","W",127,126,46,108,0.426,13,43,0.302,22,28,0.786,12,52,23,9,4,13,22,NA,"Timberwolves"
"669",2,"2019-10-25","CHO","W",121,99,43,91,0.473,12,38,0.316,23,31,0.742,13,52,30,11,6,15,21,NA,"Timberwolves"
"670",3,"2019-10-27","MIA","W",116,109,39,91,0.429,13,45,0.289,25,33,0.758,14,46,24,12,1,16,17,NA,"Timberwolves"
"671",4,"2019-10-30","PHI","L",95,117,32,81,0.395,10,35,0.286,21,28,0.75,6,34,12,13,6,21,21,3,"Timberwolves"
"672",5,"2019-11-02","WAS","W",131,109,51,94,0.543,17,39,0.436,12,17,0.706,3,47,33,9,10,21,23,4,"Timberwolves"
"673",6,"2019-11-04","MIL","L",106,134,37,103,0.359,13,43,0.302,19,22,0.864,13,47,20,12,4,15,23,2,"Timberwolves"
"674",7,"2019-11-06","MEM","L",121,137,43,96,0.448,16,45,0.356,19,26,0.731,10,36,29,9,7,11,22,1.33333333333333,"Timberwolves"
"675",8,"2019-11-08","GSW","W",125,119,48,111,0.432,9,36,0.25,20,29,0.69,20,59,20,10,10,18,23,1.66666666666667,"Timberwolves"
"676",9,"2019-11-10","DEN","L",98,100,34,97,0.351,6,45,0.133,24,33,0.727,15,53,22,9,10,12,23,1.25,"Timberwolves"
"677",10,"2019-11-11","DET","W",120,114,45,89,0.506,15,34,0.441,15,19,0.789,11,45,25,7,6,16,23,1.5,"Timberwolves"
"678",11,"2019-11-13","SAS","W",129,114,45,91,0.495,11,34,0.324,28,34,0.824,13,50,25,11,4,10,25,1.75,"Timberwolves"
"679",12,"2019-11-15","WAS","L",116,137,42,89,0.472,11,37,0.297,21,29,0.724,9,43,26,6,5,20,20,1.4,"Timberwolves"
"680",13,"2019-11-16","HOU","L",105,125,38,84,0.452,12,38,0.316,17,23,0.739,13,46,23,7,5,18,20,1.16666666666667,"Timberwolves"
"681",14,"2019-11-18","UTA","W",112,102,41,89,0.461,14,38,0.368,16,19,0.842,5,51,22,6,10,15,25,1.33333333333333,"Timberwolves"
"682",15,"2019-11-20","UTA","L",95,103,35,89,0.393,14,45,0.311,11,21,0.524,12,51,13,5,9,13,20,1.14285714285714,"Timberwolves"
"683",16,"2019-11-23","PHO","L",98,100,38,91,0.418,12,42,0.286,10,17,0.588,9,57,26,2,10,14,23,1,"Timberwolves"
"684",17,"2019-11-25","ATL","W",125,113,41,90,0.456,15,35,0.429,28,36,0.778,14,47,27,10,6,13,25,1.125,"Timberwolves"
"685",18,"2019-11-27","SAS","W",113,101,37,85,0.435,18,40,0.45,21,27,0.778,7,53,28,4,6,11,19,1.25,"Timberwolves"
"686",19,"2019-12-01","MEM","L",107,115,33,85,0.388,11,36,0.306,30,35,0.857,10,53,22,7,6,16,21,1.11111111111111,"Timberwolves"
"687",20,"2019-12-04","DAL","L",114,121,37,89,0.416,17,38,0.447,23,26,0.885,15,44,23,5,7,12,21,1,"Timberwolves"
"688",21,"2019-12-06","OKC","L",127,139,50,96,0.521,13,38,0.342,14,20,0.7,10,36,25,8,2,13,29,0.909090909090909,"Timberwolves"
"689",22,"2019-12-08","LAL","L",125,142,44,84,0.524,15,37,0.405,22,26,0.846,6,31,27,5,6,15,18,0.833333333333333,"Timberwolves"
"690",23,"2019-12-09","PHO","L",109,125,40,85,0.471,6,22,0.273,23,29,0.793,11,45,14,6,7,16,23,0.769230769230769,"Timberwolves"
"691",24,"2019-12-11","UTA","L",116,127,40,91,0.44,15,41,0.366,21,26,0.808,15,42,18,9,3,11,19,0.714285714285714,"Timberwolves"
"692",1,"2019-10-24","LAC","L",122,141,39,99,0.394,15,42,0.357,29,30,0.967,15,42,27,7,0,13,21,0,"Warriors"
"693",2,"2019-10-27","OKC","L",92,120,30,92,0.326,5,33,0.152,27,31,0.871,12,39,17,13,2,14,15,0,"Warriors"
"694",3,"2019-10-28","NOP","W",134,123,51,104,0.49,14,35,0.4,18,24,0.75,19,61,37,8,2,18,22,0.5,"Warriors"
"695",4,"2019-10-30","PHO","L",110,121,36,82,0.439,8,28,0.286,30,36,0.833,7,43,24,8,6,18,22,0.333333333333333,"Warriors"
"696",5,"2019-11-01","SAS","L",110,127,39,84,0.464,13,28,0.464,19,21,0.905,7,39,25,4,2,11,22,0.25,"Warriors"
"697",6,"2019-11-02","CHO","L",87,93,34,77,0.442,9,28,0.321,10,13,0.769,5,40,23,5,5,18,22,0.2,"Warriors"
"698",7,"2019-11-04","POR","W",127,118,42,86,0.488,10,26,0.385,33,36,0.917,8,47,28,4,4,10,17,0.4,"Warriors"
"699",8,"2019-11-06","HOU","L",112,129,38,96,0.396,13,33,0.394,23,28,0.821,16,51,22,7,1,10,12,0.333333333333333,"Warriors"
"700",9,"2019-11-08","MIN","L",119,125,43,103,0.417,10,35,0.286,23,24,0.958,13,49,18,12,9,20,26,0.285714285714286,"Warriors"
"701",10,"2019-11-09","OKC","L",108,114,42,85,0.494,7,22,0.318,17,17,1,6,34,22,9,6,15,18,0.25,"Warriors"
"702",11,"2019-11-11","UTA","L",108,122,45,94,0.479,10,31,0.323,8,14,0.571,8,44,23,8,2,10,24,0.222222222222222,"Warriors"
"703",12,"2019-11-13","LAL","L",94,120,36,89,0.404,9,35,0.257,13,17,0.765,10,33,29,8,7,17,14,0.2,"Warriors"
"704",13,"2019-11-15","BOS","L",100,105,34,82,0.415,5,28,0.179,27,34,0.794,12,55,17,8,4,19,19,0.181818181818182,"Warriors"
"705",14,"2019-11-17","NOP","L",100,108,37,91,0.407,7,25,0.28,19,23,0.826,9,43,23,7,3,10,19,0.166666666666667,"Warriors"
"706",15,"2019-11-19","MEM","W",114,95,43,90,0.478,9,29,0.31,19,22,0.864,11,51,33,5,10,14,24,0.25,"Warriors"
"707",16,"2019-11-20","DAL","L",94,142,35,90,0.389,8,27,0.296,16,25,0.64,9,34,18,7,5,9,16,0.230769230769231,"Warriors"
"708",17,"2019-11-22","UTA","L",109,113,43,94,0.457,12,28,0.429,11,12,0.917,6,37,28,11,3,8,18,0.214285714285714,"Warriors"
"709",18,"2019-11-25","OKC","L",97,100,37,89,0.416,9,20,0.45,14,16,0.875,9,41,27,10,7,12,17,0.2,"Warriors"
"710",19,"2019-11-27","CHI","W",104,90,37,81,0.457,11,29,0.379,19,26,0.731,13,54,31,12,9,20,17,0.266666666666667,"Warriors"
"711",20,"2019-11-29","MIA","L",105,122,30,77,0.39,10,28,0.357,35,40,0.875,5,31,19,4,3,9,23,0.25,"Warriors"
"712",21,"2019-12-01","ORL","L",96,100,36,91,0.396,6,23,0.261,18,23,0.783,15,46,21,6,5,10,17,0.235294117647059,"Warriors"
"713",22,"2019-12-02","ATL","L",79,104,33,83,0.398,3,17,0.176,10,12,0.833,18,46,17,11,8,23,20,0.222222222222222,"Warriors"
"714",23,"2019-12-04","CHO","L",91,106,36,78,0.462,9,23,0.391,10,15,0.667,6,37,18,7,3,16,12,0.210526315789474,"Warriors"
"715",24,"2019-12-06","CHI","W",100,98,38,71,0.535,9,24,0.375,15,22,0.682,6,39,24,9,4,19,19,0.263157894736842,"Warriors"
"716",25,"2019-12-09","MEM","L",102,110,35,93,0.376,11,27,0.407,21,25,0.84,10,46,23,10,6,15,21,0.25,"Warriors"
"717",26,"2019-12-11","NYK","L",122,124,45,104,0.433,10,37,0.27,22,30,0.733,14,46,27,10,6,8,25,0.238095238095238,"Warriors"
"718",1,"2019-10-23","DAL","L",100,108,37,93,0.398,11,41,0.268,15,18,0.833,11,47,26,6,3,17,32,0,"Wizards"
"719",2,"2019-10-25","OKC","W",97,85,39,97,0.402,11,41,0.268,8,10,0.8,8,47,21,9,6,15,21,1,"Wizards"
"720",3,"2019-10-26","SAS","L",122,124,47,95,0.495,16,34,0.471,12,17,0.706,8,41,30,3,8,12,15,0.5,"Wizards"
"721",4,"2019-10-30","HOU","L",158,159,57,91,0.626,20,36,0.556,24,29,0.828,11,40,31,6,4,19,27,0.333333333333333,"Wizards"
"722",5,"2019-11-02","MIN","L",109,131,37,95,0.389,12,35,0.343,23,27,0.852,8,39,21,11,4,17,18,0.25,"Wizards"
"723",6,"2019-11-04","DET","W",115,99,43,93,0.462,8,29,0.276,21,25,0.84,13,41,27,9,7,11,23,0.5,"Wizards"
"724",7,"2019-11-06","IND","L",106,121,37,95,0.389,13,40,0.325,19,19,1,16,48,24,3,3,16,26,0.4,"Wizards"
"725",8,"2019-11-08","CLE","L",100,113,45,96,0.469,7,31,0.226,3,6,0.5,17,47,26,5,5,18,24,0.333333333333333,"Wizards"
"726",9,"2019-11-13","BOS","L",133,140,50,96,0.521,11,29,0.379,22,27,0.815,9,36,28,5,4,8,23,0.285714285714286,"Wizards"
"727",10,"2019-11-15","MIN","W",137,116,54,100,0.54,10,28,0.357,19,25,0.76,13,51,38,10,5,13,22,0.428571428571429,"Wizards"
"728",11,"2019-11-17","ORL","L",121,125,46,97,0.474,19,41,0.463,10,12,0.833,9,38,31,7,2,9,21,0.375,"Wizards"
"729",12,"2019-11-20","SAS","W",138,132,54,92,0.587,18,30,0.6,12,15,0.8,6,38,37,4,3,17,20,0.5,"Wizards"
"730",13,"2019-11-22","CHO","W",125,118,48,91,0.527,14,34,0.412,15,20,0.75,6,41,34,10,3,11,13,0.625,"Wizards"
"731",14,"2019-11-24","SAC","L",106,113,42,92,0.457,13,34,0.382,9,12,0.75,12,45,29,5,2,16,23,0.555555555555556,"Wizards"
"732",15,"2019-11-26","DEN","L",104,117,40,95,0.421,10,40,0.25,14,21,0.667,5,36,26,9,3,12,22,0.5,"Wizards"
"733",16,"2019-11-27","PHO","W",140,132,51,89,0.573,19,35,0.543,19,20,0.95,4,34,32,9,5,14,20,0.6,"Wizards"
"734",17,"2019-11-29","LAL","L",103,125,38,96,0.396,10,37,0.27,17,19,0.895,13,45,25,10,2,17,23,0.545454545454545,"Wizards"
"735",18,"2019-12-01","LAC","L",125,150,47,102,0.461,11,30,0.367,20,27,0.741,12,43,32,10,1,14,29,0.5,"Wizards"
"736",19,"2019-12-03","ORL","L",120,127,45,89,0.506,12,35,0.343,18,23,0.783,5,38,22,9,3,10,23,0.461538461538462,"Wizards"
"737",20,"2019-12-05","PHI","W",119,113,41,90,0.456,11,27,0.407,26,32,0.813,13,41,25,9,1,11,20,0.538461538461538,"Wizards"
"738",21,"2019-12-06","MIA","L",103,112,39,91,0.429,12,39,0.308,13,14,0.929,9,39,29,6,4,11,20,0.5,"Wizards"
"739",22,"2019-12-08","LAC","L",119,135,40,88,0.455,14,33,0.424,25,30,0.833,8,38,28,5,3,13,22,0.466666666666667,"Wizards"
"740",23,"2019-12-10","CHO","L",107,114,38,90,0.422,11,35,0.314,20,25,0.8,13,45,27,7,7,10,24,0.4375,"Wizards"
